id,place,class,version,subject,days_per_week,hours_per_day,salary
1,New Market,2,Bangla,Chemistry,3,1.5,4000
2,Banani,11,English Version,All Subjects,2,3.0,15000
3,Gulshan,2,Bangla,All Subjects,6,1.0,6500
4,Khilkhet,11,English Version,ICT,3,2.5,12000
5,Gulshan,3,English Version,Biology,4,1.5,7500
6,Notun Bazar,2,Bangla,English,4,2.0,6500
7,Gulshan,12,English Version,English,5,1.0,8500
8,New Market,10,English Medium,Biology,6,1.5,13000
9,Gulshan,11,Bangla,Chemistry,2,1.5,7500
10,Rampura,5,English Version,Biology,3,2.0,7000
11,New Market,5,English Version,English,6,1.5,8500
12,Badda,3,English Version,Chemistry,6,1.5,8500
13,Gulshan,4,English Version,Biology,5,2.0,12000
14,Shahbag,12,Bangla,General Science,5,2.5,14000
15,Uttara,4,English Version,All Subjects,4,3.0,15000
16,Shahbag,7,Bangla,Bangla,6,2.5,12500
17,Gulshan,2,Bangla,Bangla,5,3.0,12500
18,Rampura,10,English Medium,All Subjects,4,3.0,20000
19,Gulshan,11,English Version,All Subjects,4,2.0,14500
20,Rampura,3,English Version,Chemistry,6,1.5,8000
21,Banani,11,Bangla,All Subjects,6,1.5,13000
22,Uttara,9,English Medium,All Subjects,2,3.0,13500
23,Gulshan,2,English Medium,Chemistry,3,1.0,4500
24,Shahbag,2,Bangla,General Science,2,3.0,7000
25,Uttara,11,English Version,All Subjects,3,2.0,11000
26,Shahbag,7,English Medium,All Subjects,3,2.0,10000
27,New Market,11,Bangla,All Subjects,5,1.0,6000
28,Banani,6,Bangla,All Subjects,3,3.0,13000
29,Banani,12,English Version,Physics,2,1.0,5500
30,Banani,9,Bangla,General Science,3,3.0,12500
31,Shahbag,10,English Version,General Science,5,1.5,8500
32,New Market,7,Bangla,ICT,5,1.0,5000
33,New Market,2,Bangla,Biology,2,1.5,3000
34,Mohakhali,8,Bangla,Bangla,4,2.5,10500
35,Banani,8,English Version,All Subjects,2,1.0,4500
36,Mohakhali,1,English Medium,Physics,3,2.5,10000
37,Badda,7,English Medium,Bangla,5,1.0,6000
38,Mirpur,8,Bangla,All Subjects,5,1.5,7000
39,Badda,1,English Version,All Subjects,2,2.0,4500
40,Shahbag,8,English Version,All Subjects,3,1.0,5000
41,Banani,3,Bangla,English,3,2.5,8000
42,Shahbag,4,English Version,Math,6,1.0,5500
43,Shahbag,10,English Version,Chemistry,3,2.0,9500
44,Rampura,3,English Version,Chemistry,5,2.0,10500
45,Banani,1,English Version,English,2,3.0,8000
46,Mirpur,3,English Medium,English,3,2.0,6000
47,Middle Badda,9,English Version,All Subjects,2,3.0,10000
48,New Market,2,English Medium,Bangla,4,1.0,4000
49,Khilkhet,9,Bangla,Chemistry,6,1.5,10500
50,Badda,11,English Version,Chemistry,6,2.5,18500
51,Gulshan,2,English Version,Chemistry,2,1.0,3500
52,Uttara,11,English Medium,Bangla,5,3.0,22500
53,Mohakhali,1,Bangla,Bangla,6,1.0,4500
54,Shahbag,9,Bangla,Bangla,2,2.0,5500
55,Gulshan,6,Bangla,Physics,2,2.0,8000
56,Rampura,10,English Version,Physics,3,1.5,7500
57,Gulshan,3,English Version,Biology,5,1.5,9000
58,Khilkhet,2,Bangla,Math,5,1.5,5500
59,Middle Badda,6,Bangla,Physics,3,1.0,3500
60,Rampura,6,Bangla,English,4,2.0,7500
61,Rampura,11,English Medium,All Subjects,4,1.0,6000
62,Mirpur,3,English Version,Chemistry,2,1.0,2500
63,Notun Bazar,12,English Version,ICT,6,3.0,21500
64,Shahbag,4,Bangla,ICT,2,3.0,8500
65,Mohakhali,11,English Version,Physics,4,2.5,15500
66,New Market,6,English Version,English,4,3.0,12500
67,Rampura,6,Bangla,Chemistry,6,1.5,8000
68,New Market,7,English Version,Bangla,6,3.0,16500
69,Mohakhali,1,Bangla,Physics,5,3.0,13500
70,Notun Bazar,8,Bangla,Physics,6,2.5,17500
71,Khilkhet,3,English Version,Chemistry,6,3.0,17000
72,Badda,11,Bangla,Physics,3,1.0,4000
73,Middle Badda,10,English Version,English,5,2.5,15500
74,Shahbag,4,English Version,ICT,5,2.5,12000
75,New Market,12,Bangla,English,5,1.5,8000
76,Khilkhet,9,English Version,All Subjects,3,1.0,4500
77,Middle Badda,11,English Version,All Subjects,6,2.0,17000
78,Middle Badda,10,English Version,All Subjects,5,3.0,19500
79,Uttara,12,English Medium,General Science,4,1.5,11000
80,Mirpur,9,English Version,Physics,4,2.5,11500
81,Mirpur,4,Bangla,Biology,6,1.0,4500
82,Badda,7,English Version,Physics,2,2.5,8000
83,Mohakhali,8,Bangla,Physics,5,2.5,17000
84,Shahbag,12,Bangla,ICT,5,1.0,7000
85,Mirpur,7,English Medium,ICT,6,3.0,20500
86,Badda,8,Bangla,ICT,5,1.0,5000
87,New Market,11,English Version,Bangla,5,1.5,9500
88,Mohakhali,1,English Medium,Math,2,2.5,6500
89,Middle Badda,3,Bangla,ICT,4,1.5,5000
90,Notun Bazar,7,Bangla,ICT,4,1.0,4000
91,Khilkhet,9,Bangla,Biology,3,1.0,4000
92,New Market,1,English Version,Physics,3,1.0,3500
93,Badda,3,English Version,English,6,1.5,7000
94,Mirpur,6,Bangla,English,3,2.0,5500
95,Gulshan,5,English Version,ICT,5,1.5,9000
96,Khilkhet,11,Bangla,Chemistry,6,1.0,8000
97,Shahbag,1,Bangla,ICT,4,1.0,3500
98,Notun Bazar,1,English Version,General Science,2,2.5,6000
99,New Market,8,English Version,ICT,3,3.0,13500
100,Mirpur,10,English Version,All Subjects,5,2.5,15500
101,Khilkhet,10,Bangla,Physics,2,2.0,7500
102,Badda,8,English Version,ICT,4,1.0,4500
103,Notun Bazar,3,English Version,Biology,4,2.0,8000
104,Shahbag,12,English Medium,All Subjects,2,3.0,16000
105,Banani,4,English Version,General Science,6,1.5,10500
106,New Market,12,English Version,Math,2,2.0,7000
107,Khilkhet,4,Bangla,Biology,5,3.0,13500
108,Rampura,12,English Version,Biology,5,2.0,13000
109,Badda,2,English Version,Biology,2,3.0,8000
110,Khilkhet,3,Bangla,General Science,4,3.0,11000
111,Mohakhali,10,Bangla,English,3,2.0,8000
112,Uttara,5,Bangla,All Subjects,3,2.0,7000
113,Gulshan,9,Bangla,Bangla,5,1.0,7000
114,Shahbag,5,English Version,General Science,4,1.5,7000
115,Mirpur,8,Bangla,English,5,2.5,10000
116,New Market,11,Bangla,Bangla,6,2.0,11000
117,Badda,2,English Version,ICT,6,3.0,15000
118,Badda,9,Bangla,General Science,4,3.0,14000
119,Mirpur,10,English Version,English,3,1.5,5500
120,Banani,3,Bangla,All Subjects,2,1.5,4500
121,Middle Badda,12,English Version,Chemistry,2,1.5,5500
122,Mirpur,12,English Medium,English,3,2.0,9500
123,New Market,10,English Version,Physics,5,1.0,7000
124,New Market,3,English Medium,Bangla,2,1.0,2500
125,Mirpur,10,English Version,Chemistry,5,1.0,6000
126,Mirpur,12,Bangla,Chemistry,6,3.0,20500
127,Banani,10,Bangla,ICT,4,3.0,17000
128,Banani,4,English Medium,Math,4,3.0,15500
129,Uttara,8,English Version,General Science,4,1.5,8500
130,Rampura,11,English Version,English,5,2.0,11500
131,Notun Bazar,11,Bangla,Bangla,4,2.5,11500
132,Mirpur,11,English Medium,All Subjects,2,2.5,9500
133,Mirpur,6,Bangla,ICT,6,1.0,5000
134,Mohakhali,8,Bangla,Physics,6,2.0,14500
135,Middle Badda,11,Bangla,Math,3,2.0,8000
136,Mirpur,8,English Medium,General Science,2,1.0,3500
137,Shahbag,4,English Version,Chemistry,6,1.0,6500
138,Banani,4,English Medium,English,5,1.0,6500
139,Uttara,8,English Medium,Chemistry,6,2.0,17500
140,Middle Badda,8,Bangla,All Subjects,3,2.5,9000
141,Shahbag,9,English Version,Bangla,2,2.0,7000
142,Rampura,6,English Medium,All Subjects,4,1.0,5000
143,Mirpur,10,English Version,General Science,3,2.5,9500
144,Notun Bazar,6,English Version,All Subjects,5,2.5,16000
145,Badda,12,Bangla,ICT,3,2.5,9500
146,Khilkhet,8,English Version,ICT,5,1.5,8500
147,Gulshan,3,English Version,Biology,2,2.5,8000
148,Middle Badda,1,English Version,ICT,3,1.0,3000
149,Mirpur,6,English Version,ICT,2,2.0,6000
150,Mohakhali,7,English Medium,General Science,6,1.0,7500
151,Badda,11,English Version,Chemistry,3,1.0,5000
152,Banani,11,English Version,English,5,1.5,12000
153,Gulshan,1,Bangla,Math,4,2.0,8000
154,Uttara,4,English Version,Bangla,3,1.5,4500
155,Rampura,10,English Version,General Science,6,1.5,9500
156,New Market,5,English Version,Math,5,2.0,10500
157,Uttara,2,Bangla,Biology,6,2.0,10500
158,Rampura,12,Bangla,Chemistry,3,2.5,12000
159,Banani,4,Bangla,Biology,6,2.0,14500
160,Mirpur,1,English Medium,ICT,4,1.0,3500
161,New Market,12,English Medium,General Science,4,1.5,9500
162,Notun Bazar,4,English Version,Chemistry,3,1.0,4000
163,New Market,1,Bangla,General Science,2,3.0,5500
164,Uttara,2,English Medium,Biology,5,1.5,8000
165,Mohakhali,6,English Version,Chemistry,3,2.0,10000
166,Middle Badda,5,English Version,Biology,2,2.5,8000
167,Uttara,4,English Medium,ICT,6,2.0,12500
168,Rampura,1,Bangla,English,5,2.0,7000
169,New Market,5,English Version,Biology,2,1.5,4500
170,Shahbag,9,Bangla,Physics,2,2.5,9500
171,Mirpur,11,Bangla,Bangla,2,1.0,2500
172,Middle Badda,2,Bangla,All Subjects,3,2.5,7000
173,New Market,12,English Version,All Subjects,5,3.0,23500
174,Uttara,7,English Version,General Science,6,2.5,18000
175,Mirpur,1,English Version,Physics,5,2.5,11000
176,Notun Bazar,2,English Medium,Biology,6,2.0,10500
177,Mirpur,4,English Medium,General Science,2,1.5,4000
178,Shahbag,1,Bangla,Biology,3,1.5,4500
179,Badda,2,English Version,All Subjects,3,3.0,9000
180,Badda,6,English Version,Math,4,1.5,7000
181,Mohakhali,5,English Version,English,2,1.5,4000
182,Badda,10,Bangla,Bangla,4,1.0,4000
183,Rampura,9,Bangla,English,5,2.5,13000
184,Mohakhali,10,Bangla,All Subjects,3,3.0,13000
185,New Market,9,Bangla,Math,2,2.5,8000
186,Rampura,11,Bangla,General Science,2,1.0,3000
187,Uttara,2,Bangla,All Subjects,4,2.5,11000
188,Mohakhali,5,English Version,ICT,2,1.0,3500
189,New Market,9,English Version,Physics,5,2.5,18000
190,Rampura,6,English Version,ICT,5,1.0,5000
191,Notun Bazar,11,Bangla,Bangla,5,1.0,5000
192,Banani,2,Bangla,Biology,3,3.0,10000
193,Mohakhali,9,Bangla,English,5,2.0,12000
194,Rampura,12,Bangla,Chemistry,6,2.0,14000
195,Shahbag,9,Bangla,General Science,3,1.0,3500
196,Mohakhali,6,Bangla,Chemistry,6,1.5,10500
197,Mohakhali,10,English Version,All Subjects,2,3.0,14000
198,Khilkhet,5,Bangla,Chemistry,4,2.0,8500
199,Uttara,3,English Version,ICT,2,1.5,4500
200,Gulshan,2,English Version,Physics,5,2.5,15500
201,Uttara,6,Bangla,Biology,6,3.0,17500
202,Gulshan,3,Bangla,Math,2,2.0,6000
203,Rampura,8,English Version,ICT,4,1.5,7500
204,Banani,6,Bangla,Chemistry,6,2.5,19000
205,Mirpur,1,Bangla,Math,2,1.5,2500
206,Badda,3,English Version,Chemistry,4,1.0,3500
207,Khilkhet,7,Bangla,ICT,6,1.5,8500
208,New Market,6,Bangla,Math,5,1.0,4500
209,Banani,6,English Version,ICT,5,2.0,12500
210,Gulshan,6,Bangla,General Science,4,1.0,5000
211,Banani,4,Bangla,ICT,6,1.0,6000
212,Mirpur,12,Bangla,Biology,3,1.0,4000
213,Banani,9,English Version,Biology,4,1.5,9500
214,Uttara,5,Bangla,Bangla,2,1.5,4000
215,New Market,8,English Version,General Science,6,3.0,18500
216,New Market,6,Bangla,English,5,2.5,11500
217,Mirpur,10,Bangla,All Subjects,2,2.0,6000
218,Gulshan,1,Bangla,Chemistry,2,1.0,3000
219,Mohakhali,7,English Version,All Subjects,2,2.5,10000
220,Shahbag,11,Bangla,General Science,6,1.5,11000
221,Middle Badda,2,English Version,Biology,2,3.0,7500
222,Gulshan,4,English Version,General Science,6,3.0,21000
223,Notun Bazar,6,English Medium,ICT,5,2.0,12500
224,Gulshan,11,English Version,English,4,1.0,7000
225,Rampura,5,Bangla,Bangla,4,1.0,3500
226,Uttara,6,Bangla,ICT,3,3.0,11500
227,Banani,5,English Version,Biology,3,3.0,13000
228,New Market,7,English Version,Math,4,2.0,9000
229,Badda,6,English Medium,General Science,3,1.5,6500
230,Uttara,2,Bangla,English,6,3.0,15000
231,Mohakhali,1,English Version,Bangla,6,2.5,11000
232,Uttara,12,English Version,Bangla,5,1.0,6500
233,New Market,12,Bangla,General Science,6,2.0,14000
234,Middle Badda,4,English Version,Chemistry,5,1.5,7500
235,Shahbag,8,English Version,Chemistry,5,3.0,20000
236,Uttara,4,English Version,Bangla,4,1.0,4000
237,Notun Bazar,9,English Medium,All Subjects,2,2.0,7500
238,Uttara,5,Bangla,All Subjects,3,2.5,9000
239,Badda,8,English Medium,Math,5,1.0,6000
240,Notun Bazar,4,Bangla,English,4,1.5,5000
241,Banani,12,English Version,Bangla,3,1.0,5000
242,Middle Badda,12,English Version,General Science,5,3.0,16500
243,Banani,1,Bangla,Bangla,6,3.0,14500
244,Banani,5,Bangla,English,2,1.5,4500
245,Shahbag,8,Bangla,General Science,6,3.0,16000
246,Mohakhali,10,Bangla,Bangla,4,2.5,11000
247,Notun Bazar,4,English Version,Bangla,2,3.0,8000
248,Banani,9,English Version,All Subjects,6,1.0,9500
249,Middle Badda,1,English Version,Biology,4,1.0,3500
250,Banani,6,Bangla,English,6,2.0,12000
251,Notun Bazar,9,Bangla,Bangla,5,2.5,12500
252,Uttara,2,English Version,General Science,2,2.0,5000
253,Badda,1,Bangla,Chemistry,6,2.5,12000
254,Mohakhali,8,Bangla,Physics,4,2.0,11500
255,Gulshan,11,Bangla,English,4,2.5,16500
256,Khilkhet,8,English Medium,ICT,4,1.5,8500
257,Middle Badda,6,English Medium,All Subjects,4,1.0,5500
258,Banani,7,English Version,Bangla,6,2.0,14000
259,Banani,6,English Version,Chemistry,5,3.0,23000
260,Uttara,12,Bangla,General Science,2,2.0,7500
261,Rampura,5,English Version,Math,2,2.5,6500
262,Khilkhet,11,Bangla,Math,3,3.0,13000
263,Middle Badda,1,Bangla,Physics,4,2.0,6500
264,Shahbag,1,English Version,General Science,4,2.0,7000
265,Banani,10,Bangla,Biology,5,2.0,15000
266,Badda,2,Bangla,Bangla,5,3.0,10000
267,Mohakhali,2,Bangla,Chemistry,5,1.5,7500
268,Mirpur,12,English Medium,General Science,3,1.0,4500
269,Banani,8,Bangla,General Science,2,2.0,7000
270,Khilkhet,2,English Version,Chemistry,4,1.5,6500
271,Khilkhet,11,Bangla,Biology,6,1.5,9500
272,Badda,3,Bangla,General Science,2,2.0,4000
273,Notun Bazar,8,English Version,All Subjects,3,3.0,14500
274,Banani,5,Bangla,General Science,6,2.5,16500
275,Shahbag,2,Bangla,Biology,2,2.5,6000
276,Mohakhali,6,Bangla,All Subjects,6,1.5,10500
277,Uttara,7,English Version,Math,2,3.0,9500
278,Uttara,3,Bangla,Physics,4,3.0,13500
279,Banani,5,Bangla,All Subjects,4,1.5,8000
280,Shahbag,9,Bangla,Bangla,6,3.0,16500
281,New Market,10,English Version,Biology,6,1.0,8000
282,Gulshan,2,Bangla,Chemistry,3,3.0,11500
283,New Market,1,English Version,All Subjects,4,2.0,7500
284,New Market,7,Bangla,English,2,1.5,4000
285,Middle Badda,8,Bangla,Bangla,4,2.0,8000
286,Notun Bazar,7,Bangla,Biology,6,3.0,16500
287,Badda,8,Bangla,General Science,3,1.5,4500
288,Mirpur,7,English Medium,ICT,3,1.5,6500
289,Shahbag,12,Bangla,Bangla,5,3.0,17000
290,Mirpur,8,Bangla,ICT,6,2.5,14500
291,Badda,10,Bangla,Math,4,2.5,11500
292,New Market,11,English Version,All Subjects,2,1.0,4000
293,Mirpur,12,Bangla,ICT,4,1.0,4500
294,Shahbag,9,Bangla,All Subjects,4,1.0,5000
295,Middle Badda,9,Bangla,English,3,1.0,3500
296,Notun Bazar,9,English Medium,Bangla,3,3.0,13000
297,Mohakhali,1,Bangla,Bangla,4,2.5,8000
298,Uttara,10,English Medium,Bangla,4,3.0,17500
299,Rampura,10,English Version,Chemistry,6,2.0,15000
300,Mohakhali,9,English Version,Chemistry,5,1.0,7000
301,New Market,2,English Medium,Chemistry,2,3.0,9000
302,New Market,10,English Version,Math,6,2.5,17000
303,New Market,12,English Version,ICT,3,1.5,6500
304,Khilkhet,2,Bangla,General Science,4,2.5,7500
305,Khilkhet,4,Bangla,General Science,2,1.5,3500
306,Mohakhali,6,English Medium,General Science,6,2.5,17000
307,Uttara,8,English Medium,Biology,6,2.0,18000
308,Khilkhet,11,English Version,Chemistry,6,2.5,19500
309,Badda,5,English Version,Physics,4,2.0,9500
310,Khilkhet,12,English Version,General Science,4,3.0,18000
311,Khilkhet,5,Bangla,All Subjects,5,2.5,13000
312,Uttara,5,Bangla,English,4,2.5,10500
313,Khilkhet,8,Bangla,All Subjects,4,3.0,15000
314,Uttara,2,English Version,Physics,3,1.0,4000
315,Mohakhali,4,English Version,Math,2,2.5,7000
316,Middle Badda,2,English Version,Bangla,2,3.0,7000
317,Uttara,7,English Version,General Science,5,1.5,9000
318,Mirpur,6,Bangla,Math,2,3.0,7000
319,Khilkhet,12,English Medium,Math,3,2.5,14500
320,Uttara,1,English Medium,ICT,5,1.5,8000
321,Mirpur,1,Bangla,English,4,2.0,5500
322,New Market,9,English Version,Bangla,6,2.5,15000
323,Banani,6,Bangla,General Science,4,1.5,6500
324,Notun Bazar,5,English Version,Physics,3,3.0,12500
325,Rampura,7,English Version,English,5,1.0,4500
326,Uttara,8,Bangla,Physics,2,2.0,7000
327,Middle Badda,5,English Medium,Chemistry,6,3.0,18500
328,New Market,6,English Version,Math,2,2.5,7000
329,Rampura,11,English Version,Chemistry,2,2.0,7500
330,Badda,4,English Medium,General Science,3,2.5,9000
331,Shahbag,6,Bangla,All Subjects,5,3.0,17500
332,Badda,4,English Version,English,6,2.5,12500
333,Notun Bazar,2,English Medium,English,2,3.0,8500
334,Badda,10,English Version,Bangla,4,3.0,13500
335,New Market,4,English Version,General Science,2,3.0,7500
336,Gulshan,8,Bangla,ICT,5,3.0,18500
337,Middle Badda,11,English Version,Math,5,2.0,13000
338,Khilkhet,4,English Version,Math,5,2.0,10000
339,Mohakhali,1,English Medium,English,5,1.0,4500
340,Uttara,3,English Version,ICT,4,2.5,10500
341,Rampura,7,Bangla,All Subjects,3,2.0,7000
342,Mohakhali,7,English Version,Physics,2,1.0,4000
343,Middle Badda,11,English Version,ICT,6,2.5,19000
344,Badda,8,Bangla,Chemistry,3,1.0,3500
345,New Market,7,English Version,Math,3,1.5,5500
346,Shahbag,1,Bangla,Math,3,1.0,2500
347,Badda,9,Bangla,Math,3,3.0,12000
348,Badda,12,English Version,Biology,3,2.0,10500
349,New Market,9,Bangla,Chemistry,4,1.0,5000
350,Shahbag,12,English Medium,ICT,6,2.5,20500
351,Notun Bazar,11,English Version,All Subjects,4,2.5,15000
352,Mirpur,7,Bangla,All Subjects,5,1.5,8000
353,Mirpur,12,Bangla,General Science,2,3.0,8500
354,Rampura,9,English Version,ICT,3,2.0,7500
355,New Market,2,English Medium,Biology,2,3.0,9000
356,Badda,1,Bangla,Math,2,1.5,3000
357,Shahbag,12,English Version,Physics,5,1.5,12500
358,Notun Bazar,5,English Medium,Math,3,1.5,6500
359,Banani,12,English Medium,General Science,3,3.0,20000
360,Rampura,4,English Version,Chemistry,5,2.5,12500
361,Notun Bazar,5,Bangla,All Subjects,5,2.5,11500
362,Khilkhet,8,English Version,Biology,3,2.0,8500
363,Gulshan,10,English Medium,Bangla,2,2.0,9500
364,Shahbag,10,English Version,Chemistry,3,1.5,7500
365,Rampura,10,English Version,General Science,6,2.0,12500
366,Middle Badda,12,English Version,General Science,5,1.5,9500
367,Notun Bazar,3,Bangla,All Subjects,5,1.5,7500
368,Mohakhali,11,English Medium,All Subjects,2,1.0,5500
369,New Market,1,English Version,ICT,3,1.5,4000
370,Uttara,1,Bangla,General Science,4,1.0,3500
371,New Market,10,English Medium,General Science,2,1.0,4000
372,Rampura,1,Bangla,Chemistry,6,2.0,8000
373,Khilkhet,11,Bangla,Bangla,2,1.0,3000
374,Badda,4,English Version,Chemistry,4,2.0,9000
375,Banani,6,English Medium,General Science,6,1.5,13500
376,Badda,5,English Version,English,2,1.0,2500
377,Rampura,9,English Version,Math,3,1.0,4000
378,Rampura,11,English Version,English,6,1.0,6500
379,Khilkhet,10,English Version,Math,2,2.0,7500
380,Shahbag,11,Bangla,Biology,2,1.5,5500
381,Khilkhet,7,English Medium,Chemistry,3,3.0,13500
382,Rampura,11,English Medium,Biology,5,1.5,11500
383,Khilkhet,12,Bangla,Biology,2,1.0,3500
384,Banani,6,English Version,ICT,4,1.0,6000
385,Middle Badda,8,Bangla,All Subjects,5,2.5,12500
386,Shahbag,11,Bangla,Chemistry,3,1.0,4500
387,Uttara,7,English Version,Bangla,5,2.0,11000
388,Banani,1,English Medium,General Science,4,2.0,8500
389,Banani,3,Bangla,All Subjects,6,3.0,19000
390,Gulshan,2,Bangla,English,6,3.0,17500
391,Rampura,1,Bangla,ICT,2,3.0,6500
392,Badda,10,English Version,ICT,3,1.5,6000
393,Mirpur,8,Bangla,Bangla,5,2.0,8500
394,Middle Badda,2,Bangla,Physics,5,3.0,12500
395,Middle Badda,2,Bangla,Math,5,2.0,8000
396,Rampura,6,Bangla,ICT,6,1.5,7500
397,Shahbag,12,Bangla,Biology,3,2.5,13000
398,Mirpur,12,English Version,General Science,6,1.5,9500
399,Mirpur,7,Bangla,Physics,6,3.0,16000
400,Mohakhali,1,English Medium,General Science,3,2.5,9000
401,Khilkhet,2,English Version,ICT,5,1.5,6500
402,Badda,5,English Version,ICT,5,1.0,5000
403,Shahbag,8,English Version,All Subjects,6,2.5,19500
404,Notun Bazar,12,English Medium,All Subjects,6,1.0,9000
405,Badda,11,English Version,Bangla,6,1.0,6500
406,New Market,11,English Version,Biology,5,1.0,6000
407,Mirpur,4,English Version,All Subjects,6,3.0,17000
408,Badda,8,Bangla,General Science,6,3.0,15000
409,Gulshan,8,Bangla,ICT,2,1.0,4000
410,Khilkhet,3,Bangla,Biology,5,1.5,6500
411,Notun Bazar,8,Bangla,General Science,4,1.0,4000
412,Khilkhet,2,Bangla,Biology,2,1.5,3500
413,Khilkhet,4,English Version,All Subjects,3,2.0,7500
414,Middle Badda,4,English Version,Bangla,3,2.5,7000
415,Khilkhet,10,English Medium,General Science,6,2.5,19000
416,Khilkhet,4,Bangla,English,6,1.0,5000
417,Mohakhali,3,Bangla,Physics,5,1.0,4500
418,Middle Badda,9,English Medium,Biology,6,2.5,19500
419,Shahbag,2,Bangla,General Science,6,1.5,7000
420,Khilkhet,5,English Medium,English,3,2.0,7000
421,Mirpur,2,Bangla,Bangla,6,2.5,9000
422,Uttara,10,Bangla,Bangla,5,3.0,17500
423,New Market,3,English Version,General Science,4,1.5,5500
424,Middle Badda,10,Bangla,Biology,2,2.5,7500
425,Rampura,9,English Version,General Science,5,2.5,13500
426,Middle Badda,8,Bangla,Math,3,2.0,6500
427,Badda,9,Bangla,General Science,6,2.5,14000
428,Banani,10,Bangla,All Subjects,4,3.0,21000
429,Gulshan,12,Bangla,Physics,5,1.0,9000
430,New Market,4,Bangla,Math,5,2.0,8500
431,Banani,8,English Medium,English,3,1.5,8500
432,Shahbag,12,Bangla,ICT,3,3.0,12500
433,Badda,4,English Version,Biology,6,2.0,11500
434,Uttara,6,English Medium,Chemistry,4,3.0,17500
435,Mohakhali,11,English Version,Bangla,5,1.0,7000
436,New Market,3,English Version,Bangla,3,1.5,4500
437,Badda,11,Bangla,Bangla,6,2.0,12000
438,Rampura,8,Bangla,English,5,3.0,15000
439,Khilkhet,6,English Version,General Science,4,3.0,11500
440,Khilkhet,2,English Version,General Science,4,1.0,4000
441,Rampura,4,English Medium,Physics,5,2.0,11000
442,Mirpur,6,English Version,Bangla,6,2.5,13000
443,New Market,1,Bangla,General Science,2,1.0,2500
444,Uttara,8,English Version,ICT,3,1.5,7500
445,Mirpur,3,English Medium,Chemistry,2,2.0,5500
446,Notun Bazar,11,English Medium,Bangla,2,2.5,9500
447,Khilkhet,12,English Version,ICT,2,1.0,3500
448,Middle Badda,2,Bangla,Physics,6,2.5,10500
449,Khilkhet,6,English Version,ICT,3,2.5,8500
450,Rampura,2,English Version,English,2,2.0,4500
451,Mirpur,3,Bangla,Bangla,3,1.0,2500
452,Gulshan,10,English Version,General Science,4,1.5,10500
453,Uttara,7,English Version,General Science,3,1.0,4500
454,Uttara,2,English Version,ICT,4,2.5,10000
455,Uttara,4,Bangla,English,3,3.0,10000
456,Khilkhet,10,Bangla,Math,4,1.5,7000
457,Mohakhali,4,English Version,Chemistry,2,1.5,5000
458,Banani,4,English Version,English,6,1.0,7500
459,Notun Bazar,3,Bangla,ICT,4,3.0,11000
460,Middle Badda,2,Bangla,English,2,2.0,3500
461,Gulshan,7,English Version,All Subjects,5,2.5,20500
462,Banani,11,English Version,Bangla,4,1.0,6000
463,Mohakhali,4,English Medium,Bangla,6,2.0,12000
464,New Market,11,English Version,English,4,2.5,14000
465,Badda,1,Bangla,ICT,2,2.5,5000
466,Gulshan,5,English Version,Bangla,2,1.0,3500
467,Khilkhet,1,Bangla,Biology,6,3.0,14000
468,Khilkhet,5,Bangla,Bangla,4,1.0,3500
469,Gulshan,6,English Version,Chemistry,6,1.0,8500
470,Shahbag,11,Bangla,General Science,6,2.0,12000
471,Shahbag,3,Bangla,Chemistry,2,3.0,8500
472,Banani,4,English Version,Math,2,1.0,3000
473,Middle Badda,6,Bangla,Bangla,3,1.0,3000
474,Khilkhet,12,English Version,Physics,4,1.5,9500
475,Khilkhet,6,Bangla,English,6,2.0,9500
476,New Market,1,Bangla,All Subjects,2,2.5,5000
477,Middle Badda,5,English Version,Chemistry,4,1.0,4500
478,Gulshan,6,Bangla,Chemistry,6,1.5,11500
479,Shahbag,8,English Medium,Physics,6,1.5,12000
480,Rampura,1,Bangla,Biology,2,2.0,3500
481,New Market,7,English Version,Chemistry,2,1.5,5000
482,Badda,7,English Version,Math,3,2.0,7000
483,Badda,9,Bangla,Biology,5,1.0,5500
484,Mohakhali,3,English Version,ICT,2,3.0,8500
485,Rampura,11,English Medium,Physics,4,2.0,14000
486,Rampura,12,English Version,Biology,4,2.5,14000
487,Banani,4,Bangla,English,3,1.0,3500
488,Middle Badda,6,Bangla,All Subjects,4,1.5,6500
489,Middle Badda,5,English Medium,English,3,2.0,8000
490,Khilkhet,10,Bangla,Biology,3,1.0,4500
491,Notun Bazar,7,English Version,Chemistry,4,1.5,7000
492,Rampura,8,English Version,All Subjects,3,1.0,4500
493,Uttara,2,Bangla,Physics,3,1.5,5500
494,Notun Bazar,11,English Version,English,6,3.0,20500
495,Banani,1,English Medium,Physics,5,1.5,8500
496,Notun Bazar,2,Bangla,General Science,2,1.5,3500
497,Rampura,12,Bangla,Math,5,2.5,13500
498,Badda,3,Bangla,General Science,3,1.0,2500
499,Shahbag,4,English Version,General Science,5,3.0,14500
500,Banani,5,Bangla,ICT,3,3.0,11500
501,Mohakhali,1,English Medium,Biology,5,3.0,17000
502,Notun Bazar,10,English Version,ICT,4,1.5,7500
503,Shahbag,4,Bangla,Chemistry,2,2.5,7000
504,Shahbag,4,English Medium,English,3,1.5,5500
505,Khilkhet,1,English Version,Physics,6,2.5,12500
506,Uttara,3,Bangla,Biology,4,3.0,11000
507,Khilkhet,6,English Medium,Bangla,6,1.5,10000
508,Middle Badda,9,Bangla,General Science,2,1.0,2500
509,Shahbag,4,Bangla,General Science,2,2.0,5500
510,Badda,3,Bangla,Bangla,4,1.0,2500
511,Shahbag,12,English Medium,English,6,2.0,19000
512,Notun Bazar,12,English Medium,ICT,6,1.0,8500
513,Notun Bazar,3,English Medium,ICT,5,2.0,9500
514,Mohakhali,12,English Medium,Biology,3,3.0,19500
515,Rampura,5,English Version,Chemistry,3,1.5,6000
516,Khilkhet,10,Bangla,Math,3,3.0,11500
517,Shahbag,4,English Version,English,5,1.5,7000
518,Banani,4,Bangla,Biology,3,1.0,4500
519,New Market,11,English Version,Biology,5,1.0,6500
520,Badda,12,Bangla,Chemistry,2,1.0,3000
521,Middle Badda,12,Bangla,Bangla,5,2.5,14000
522,Notun Bazar,9,Bangla,General Science,6,1.5,8500
523,Banani,1,Bangla,Biology,4,1.0,4000
524,Uttara,7,Bangla,English,6,1.0,6000
525,Shahbag,8,English Version,ICT,3,3.0,14000
526,Uttara,1,Bangla,Physics,3,2.5,8000
527,Khilkhet,12,English Version,Chemistry,4,1.5,9000
528,Rampura,10,English Version,General Science,3,1.0,4000
529,Rampura,2,Bangla,General Science,3,1.0,2500
530,Uttara,11,Bangla,English,5,1.0,6000
531,Rampura,8,English Version,Chemistry,2,3.0,10000
532,Notun Bazar,7,Bangla,General Science,2,2.0,5500
533,Mirpur,4,English Version,Math,3,1.0,3000
534,Notun Bazar,9,Bangla,Physics,6,1.0,7500
535,Mohakhali,7,English Medium,General Science,6,1.5,11000
536,Banani,7,English Medium,Math,6,3.0,29000
537,Shahbag,11,English Medium,Bangla,2,2.5,9000
538,Uttara,4,English Version,Bangla,2,2.5,6000
539,New Market,7,Bangla,Bangla,6,2.0,10000
540,Khilkhet,2,Bangla,All Subjects,5,3.0,12500
541,Mirpur,9,English Version,Math,6,3.0,19000
542,Rampura,2,Bangla,Bangla,6,3.0,11500
543,Banani,2,English Version,English,4,3.0,14500
544,Rampura,5,Bangla,General Science,6,3.0,14000
545,Uttara,5,Bangla,ICT,2,2.5,7500
546,Notun Bazar,12,Bangla,General Science,4,2.0,9000
547,Mirpur,5,Bangla,General Science,2,1.5,3000
548,Khilkhet,8,English Version,Biology,4,2.5,13500
549,Banani,4,Bangla,ICT,5,3.0,17500
550,Gulshan,9,English Version,English,4,3.0,19000
551,Mohakhali,10,Bangla,Physics,3,1.0,4500
552,Middle Badda,1,English Medium,Physics,4,2.0,8500
553,Mohakhali,7,English Version,English,2,1.5,5000
554,Shahbag,8,Bangla,General Science,6,3.0,17500
555,Uttara,5,English Version,English,4,1.0,4500
556,Uttara,10,English Version,Physics,3,1.5,8500
557,Mirpur,11,Bangla,Math,2,2.5,8000
558,New Market,3,English Version,Math,3,2.0,6500
559,Mirpur,12,English Medium,Chemistry,5,2.5,20000
560,Middle Badda,5,Bangla,Chemistry,6,3.0,16000
561,Banani,1,English Version,Biology,6,3.0,19000
562,Mirpur,11,Bangla,English,4,2.0,9000
563,Mirpur,5,English Version,Chemistry,3,1.5,5500
564,Badda,1,English Version,ICT,4,1.5,5000
565,New Market,8,English Medium,Chemistry,5,2.5,17500
566,Gulshan,10,English Version,Physics,4,1.5,12000
567,New Market,8,English Medium,Biology,6,2.0,16500
568,New Market,9,Bangla,English,5,1.5,8000
569,Khilkhet,9,English Version,Bangla,4,1.0,4500
570,Badda,12,English Medium,ICT,4,2.0,11500
571,Mirpur,8,English Medium,General Science,2,3.0,9500
572,Shahbag,2,English Version,Physics,6,1.0,6000
573,Rampura,9,Bangla,Math,3,1.5,6000
574,Notun Bazar,7,English Medium,General Science,3,2.0,9000
575,Uttara,2,English Version,Bangla,4,1.0,3500
576,Mirpur,4,English Version,Bangla,6,1.5,7000
577,Banani,3,English Version,ICT,5,2.5,15500
578,Rampura,1,Bangla,Physics,4,1.0,3500
579,Mohakhali,4,Bangla,Math,3,1.5,5500
580,Notun Bazar,5,Bangla,ICT,6,3.0,15000
581,Banani,1,Bangla,Chemistry,5,3.0,15500
582,Notun Bazar,7,English Medium,Bangla,4,2.5,11500
583,Badda,3,English Medium,ICT,2,1.5,4000
584,Uttara,4,English Version,All Subjects,3,1.0,4000
585,New Market,1,Bangla,Chemistry,6,3.0,12500
586,Gulshan,11,Bangla,Math,2,1.0,4000
587,Rampura,2,English Version,General Science,3,1.5,4500
588,New Market,1,Bangla,English,6,2.0,8000
589,Khilkhet,3,Bangla,English,6,3.0,12500
590,Banani,2,English Version,Physics,4,3.0,16500
591,Notun Bazar,12,Bangla,Bangla,2,3.0,9500
592,Badda,12,English Medium,Biology,3,1.0,5000
593,Banani,2,English Version,General Science,3,1.0,4000
594,Banani,12,English Version,Chemistry,3,2.5,18000
595,Mirpur,5,English Version,English,3,1.0,3500
596,Notun Bazar,11,Bangla,English,2,1.0,3000
597,Uttara,11,English Version,Biology,4,2.5,17500
598,Mirpur,12,Bangla,Biology,3,1.0,4000
599,Middle Badda,5,English Version,General Science,5,1.5,6500
600,Khilkhet,12,Bangla,Bangla,2,2.5,8500
601,Middle Badda,10,English Version,Bangla,6,2.5,16500
602,Shahbag,1,English Medium,Bangla,5,2.5,10000
603,Rampura,8,Bangla,Chemistry,4,1.0,5000
604,New Market,9,English Version,Physics,4,3.0,17000
605,Khilkhet,10,Bangla,Physics,5,2.0,12500
606,New Market,7,Bangla,All Subjects,6,1.0,5500
607,Uttara,9,English Version,General Science,3,1.0,4500
608,Notun Bazar,4,Bangla,Chemistry,2,3.0,7500
609,New Market,7,Bangla,Physics,2,2.5,7500
610,Shahbag,8,Bangla,General Science,5,2.0,9500
611,Middle Badda,12,English Version,English,5,2.5,14000
612,Mohakhali,1,English Version,Chemistry,6,3.0,16000
613,New Market,8,English Medium,Biology,2,1.5,6000
614,Notun Bazar,9,English Version,General Science,4,2.5,11500
615,New Market,4,Bangla,Biology,4,3.0,11500
616,Khilkhet,2,Bangla,Bangla,5,1.5,5500
617,Khilkhet,12,Bangla,Chemistry,6,1.5,10500
618,Rampura,4,English Version,Physics,4,1.0,4500
619,Gulshan,11,English Version,English,5,2.5,21000
620,Mohakhali,3,English Medium,Math,6,1.0,6500
621,Rampura,10,English Version,All Subjects,3,3.0,13000
622,Uttara,2,Bangla,Biology,6,2.5,12500
623,Shahbag,12,English Version,Chemistry,5,2.0,17000
624,Middle Badda,3,Bangla,All Subjects,4,3.0,12000
625,Khilkhet,12,English Medium,Physics,3,1.5,9000
626,Mirpur,11,Bangla,Bangla,3,3.0,10000
627,New Market,6,English Version,Biology,6,2.5,16500
628,New Market,12,Bangla,All Subjects,4,2.5,15000
629,Mohakhali,2,Bangla,Bangla,2,1.0,2500
630,Uttara,5,English Version,Bangla,2,2.0,5500
631,Mohakhali,1,Bangla,General Science,2,3.0,7000
632,Khilkhet,9,English Medium,All Subjects,5,1.5,11000
633,Khilkhet,5,English Version,Math,5,2.5,12500
634,New Market,6,English Medium,Math,2,2.0,6500
635,Middle Badda,4,English Medium,Biology,6,3.0,19500
636,Badda,12,English Medium,Chemistry,5,1.5,13000
637,Banani,3,English Medium,All Subjects,2,2.5,9000
638,Mirpur,9,Bangla,Bangla,6,2.0,9000
639,Middle Badda,12,English Medium,Math,3,2.0,10500
640,New Market,10,English Version,Chemistry,5,3.0,21000
641,Banani,12,Bangla,Physics,3,3.0,16000
642,Mohakhali,3,Bangla,All Subjects,5,1.0,5000
643,Badda,11,Bangla,Biology,4,1.5,8000
644,Shahbag,9,English Version,All Subjects,2,1.0,4000
645,Middle Badda,4,English Medium,Physics,2,2.0,6000
646,Banani,7,Bangla,Chemistry,2,3.0,12000
647,Notun Bazar,9,English Version,General Science,5,1.0,5500
648,New Market,4,Bangla,English,2,1.5,4000
649,Mohakhali,9,Bangla,English,3,1.5,6500
650,Rampura,2,Bangla,ICT,2,1.5,3000
651,Khilkhet,6,Bangla,English,2,1.5,4000
652,Mohakhali,2,English Version,Physics,4,2.5,11000
653,New Market,7,Bangla,Math,5,1.0,5000
654,New Market,12,English Version,Math,2,2.0,8500
655,Banani,5,English Version,Chemistry,6,1.0,7500
656,Middle Badda,7,Bangla,Math,5,1.5,7000
657,Uttara,12,Bangla,All Subjects,4,1.5,9000
658,Khilkhet,11,Bangla,Math,6,3.0,18500
659,Gulshan,1,English Version,ICT,6,3.0,20000
660,Mirpur,4,English Version,Biology,3,2.5,9000
661,Mohakhali,3,Bangla,Physics,6,2.0,10500
662,Uttara,11,English Version,Math,6,2.5,21000
663,Banani,5,English Version,Chemistry,2,1.5,6000
664,Middle Badda,6,Bangla,Physics,2,2.0,5500
665,Badda,6,English Version,Biology,6,2.0,12500
666,Uttara,10,English Version,Biology,5,1.5,10000
667,Badda,4,English Version,ICT,4,2.0,7500
668,Khilkhet,6,English Medium,General Science,5,2.0,12000
669,Middle Badda,9,Bangla,English,4,1.5,7000
670,Badda,5,English Version,English,2,1.0,3000
671,New Market,1,English Version,ICT,6,1.5,7500
672,Mohakhali,5,English Version,All Subjects,5,1.5,9000
673,Badda,10,English Version,Chemistry,3,2.5,11500
674,Banani,7,Bangla,Math,3,3.0,13500
675,Mohakhali,3,Bangla,Bangla,6,3.0,14500
676,Uttara,12,English Version,Biology,2,1.5,7000
677,Badda,2,Bangla,Physics,2,1.5,3500
678,Notun Bazar,7,English Version,General Science,2,1.0,3500
679,Notun Bazar,2,English Version,All Subjects,4,2.0,8500
680,Shahbag,3,Bangla,ICT,4,3.0,11500
681,Banani,9,Bangla,Physics,6,2.5,20500
682,Notun Bazar,8,English Version,Math,6,1.5,10000
683,Badda,2,English Version,Chemistry,3,1.5,4500
684,Notun Bazar,10,English Version,English,3,2.5,11500
685,Khilkhet,2,English Version,General Science,5,1.5,6500
686,New Market,7,Bangla,Math,3,3.0,11000
687,Uttara,11,English Version,Bangla,2,1.5,5000
688,Uttara,9,English Medium,Math,4,1.0,6000
689,Shahbag,8,English Medium,Bangla,3,2.5,11000
690,Shahbag,3,English Version,All Subjects,4,1.5,7000
691,Notun Bazar,8,English Version,English,3,2.5,9500
692,Banani,1,Bangla,All Subjects,5,1.5,7500
693,Uttara,8,English Medium,Math,6,3.0,26000
694,Banani,8,English Version,All Subjects,2,2.5,11500
695,Notun Bazar,1,English Version,ICT,3,2.5,7500
696,Rampura,6,English Version,English,5,1.5,7000
697,Badda,2,Bangla,All Subjects,5,2.0,7500
698,Khilkhet,12,English Version,All Subjects,2,3.0,11500
699,New Market,4,English Version,Biology,5,2.0,9500
700,Rampura,11,English Version,Chemistry,6,2.5,20000
701,Shahbag,5,English Medium,ICT,3,2.5,10500
702,Mohakhali,8,Bangla,All Subjects,6,2.5,17000
703,Mirpur,10,Bangla,ICT,3,1.0,4000
704,Middle Badda,12,English Medium,English,3,3.0,14500
705,Notun Bazar,9,English Version,Math,3,2.5,11500
706,Gulshan,2,English Version,General Science,6,2.5,14000
707,Mirpur,4,Bangla,Math,5,2.5,10000
708,Mohakhali,5,English Version,Math,3,2.5,10000
709,Badda,11,English Medium,All Subjects,4,1.5,9000
710,Shahbag,9,English Version,Physics,6,1.5,12500
711,Notun Bazar,4,English Version,Bangla,2,2.0,5000
712,Notun Bazar,11,Bangla,Physics,6,1.0,7500
713,Banani,2,English Version,All Subjects,6,2.0,13500
714,Mirpur,4,English Version,Physics,5,2.5,12000
715,Mirpur,3,Bangla,English,6,1.0,4000
716,Notun Bazar,2,English Version,Chemistry,6,3.0,15500
717,Middle Badda,7,English Version,Physics,4,2.5,13000
718,Shahbag,1,English Version,Chemistry,2,2.5,7000
719,Badda,11,English Version,Biology,5,2.0,13000
720,Gulshan,12,English Version,Physics,4,1.0,8000
721,Khilkhet,6,Bangla,Bangla,5,2.0,8500
722,Shahbag,5,Bangla,Physics,5,1.5,7500
723,Badda,5,Bangla,Physics,3,3.0,10000
724,Banani,2,English Medium,General Science,6,1.0,7000
725,Mohakhali,1,English Version,Biology,6,2.0,11000
726,Shahbag,5,English Version,All Subjects,4,2.5,12000
727,Shahbag,3,Bangla,ICT,5,3.0,11500
728,Notun Bazar,7,English Medium,Bangla,5,1.0,6000
729,Middle Badda,6,English Version,Math,3,2.5,9000
730,Notun Bazar,6,English Version,Chemistry,3,3.0,12000
731,Mirpur,8,English Medium,Biology,4,1.5,8000
732,Badda,7,English Version,Biology,4,2.5,11500
733,Uttara,10,Bangla,Physics,2,2.0,8000
734,Mohakhali,7,English Medium,Physics,3,1.5,8000
735,Gulshan,3,Bangla,Bangla,6,3.0,17500
736,Middle Badda,5,Bangla,Math,5,1.0,4500
737,Gulshan,4,English Version,General Science,2,2.5,9000
738,Mirpur,6,Bangla,All Subjects,4,2.0,7500
739,Banani,6,English Medium,Physics,6,3.0,29000
740,Mohakhali,3,English Medium,Chemistry,4,2.0,11000
741,Middle Badda,12,Bangla,English,5,3.0,16000
742,New Market,3,English Medium,Biology,5,3.0,16500
743,Banani,2,Bangla,Physics,4,2.0,9500
744,Khilkhet,5,English Version,ICT,4,2.5,11500
745,Notun Bazar,12,English Version,General Science,5,1.5,9000
746,Gulshan,3,English Version,Chemistry,2,1.5,5000
747,Banani,2,Bangla,General Science,6,1.0,5000
748,Rampura,9,English Version,English,2,2.0,6500
749,Banani,11,English Medium,ICT,4,1.5,11000
750,Mirpur,8,English Version,Bangla,6,1.5,7500
751,New Market,6,English Medium,Biology,5,2.5,17000
752,Mohakhali,5,English Version,Bangla,6,1.5,9000
753,Middle Badda,11,English Version,ICT,6,3.0,20500
754,Notun Bazar,8,English Version,English,5,2.0,11000
755,Mirpur,3,Bangla,Math,6,1.5,6000
756,Middle Badda,9,Bangla,General Science,5,2.0,9000
757,Rampura,5,English Version,Math,6,2.0,10500
758,Mohakhali,7,Bangla,Bangla,5,2.5,11500
759,Banani,7,English Version,All Subjects,6,2.0,16500
760,Khilkhet,9,English Version,ICT,3,1.0,4000
761,Mirpur,2,English Version,General Science,4,3.0,9500
762,Notun Bazar,1,Bangla,All Subjects,2,1.5,3500
763,Mirpur,5,Bangla,General Science,2,1.5,3000
764,Gulshan,8,Bangla,ICT,4,2.5,16000
765,Middle Badda,12,English Version,Biology,2,1.5,5000
766,Rampura,2,English Version,Bangla,3,2.0,5500
767,Gulshan,2,English Medium,Physics,5,2.5,16500
768,Gulshan,4,English Version,English,6,1.5,10500
769,New Market,5,English Medium,Bangla,2,3.0,8500
770,Mirpur,8,English Version,Physics,4,1.0,5500
771,Badda,2,Bangla,ICT,4,1.0,3000
772,Mirpur,10,Bangla,Physics,2,1.0,3000
773,Khilkhet,8,English Version,Bangla,4,1.0,4500
774,Middle Badda,2,English Version,Biology,2,1.0,2500
775,Uttara,12,English Version,English,3,2.5,12000
776,Mohakhali,11,English Version,General Science,3,1.0,5000
777,Notun Bazar,12,Bangla,Math,5,2.5,15500
778,Mohakhali,12,English Version,Bangla,6,2.0,15000
779,Middle Badda,5,English Medium,All Subjects,3,1.0,4000
780,Middle Badda,5,English Version,All Subjects,4,2.5,10000
781,New Market,9,Bangla,Bangla,2,3.0,9000
782,Shahbag,4,Bangla,English,6,2.5,11500
783,New Market,8,English Version,Bangla,6,2.0,11500
784,New Market,6,Bangla,All Subjects,2,1.0,3000
785,Uttara,3,English Medium,Physics,2,2.5,8000
786,Gulshan,10,English Version,ICT,5,3.0,25000
787,Shahbag,5,Bangla,Physics,6,1.0,5500
788,Badda,11,English Version,English,5,1.0,6000
789,Khilkhet,7,English Version,Math,6,2.0,13000
790,Khilkhet,2,English Version,English,3,3.0,8000
791,Khilkhet,4,English Version,Physics,3,3.0,11500
792,Shahbag,11,English Medium,All Subjects,6,2.5,25500
793,New Market,10,Bangla,General Science,5,1.0,5000
794,Uttara,9,Bangla,Biology,3,3.0,14500
795,Middle Badda,6,English Medium,All Subjects,4,2.0,10500
796,New Market,7,English Version,Biology,6,1.5,10000
797,Badda,7,English Version,Chemistry,4,2.5,12500
798,Rampura,1,English Version,Chemistry,6,1.0,5000
799,Mirpur,1,Bangla,Physics,3,2.0,4500
800,Khilkhet,5,English Medium,All Subjects,6,3.0,23000
801,Uttara,2,Bangla,Biology,3,1.5,4500
802,Shahbag,4,Bangla,Chemistry,2,3.0,8000
803,Badda,12,Bangla,Biology,5,1.5,9000
804,Khilkhet,12,English Version,English,6,2.0,13500
805,Shahbag,7,Bangla,Math,4,2.0,9500
806,Rampura,7,English Medium,English,3,3.0,13000
807,New Market,11,Bangla,Chemistry,6,1.0,7000
808,Shahbag,3,Bangla,Physics,3,1.0,3500
809,Rampura,8,English Version,All Subjects,2,1.5,5000
810,Rampura,3,Bangla,English,5,3.0,11500
811,Mohakhali,7,Bangla,ICT,6,2.5,16500
812,Uttara,3,English Version,Physics,5,2.5,14500
813,Badda,9,English Version,All Subjects,3,1.5,6000
814,Rampura,6,English Version,English,2,2.5,6500
815,Notun Bazar,4,Bangla,Math,4,1.5,6000
816,Shahbag,8,English Version,General Science,2,1.5,4500
817,Notun Bazar,3,English Version,English,2,1.0,2500
818,Shahbag,3,English Medium,Chemistry,2,2.0,7000
819,Banani,5,English Version,Math,4,1.5,8500
820,Badda,4,English Version,Chemistry,6,2.5,15000
821,Uttara,12,English Version,Math,5,3.0,24000
822,Mohakhali,1,Bangla,Math,4,1.5,5500
823,Shahbag,5,Bangla,Math,2,2.5,7000
824,New Market,11,Bangla,English,2,2.0,6500
825,New Market,7,Bangla,ICT,6,1.0,6000
826,Middle Badda,10,English Version,Bangla,3,3.0,12500
827,Mohakhali,12,Bangla,Physics,6,2.0,16000
828,Rampura,12,Bangla,Biology,4,2.0,10500
829,Badda,9,Bangla,Math,4,2.5,12000
830,Gulshan,9,English Medium,Physics,3,2.0,14500
831,New Market,3,Bangla,ICT,6,3.0,15000
832,New Market,4,Bangla,Bangla,5,2.0,8500
833,Notun Bazar,8,English Version,Physics,3,3.0,13500
834,Badda,3,Bangla,All Subjects,3,2.5,8500
835,Uttara,11,English Medium,Bangla,4,1.0,6500
836,Khilkhet,2,Bangla,Bangla,2,2.0,4500
837,Rampura,7,Bangla,Chemistry,3,1.5,5000
838,Uttara,1,English Version,Chemistry,6,3.0,17500
839,Shahbag,4,Bangla,Math,4,1.0,4000
840,Middle Badda,3,English Version,General Science,4,1.5,5500
841,Middle Badda,8,Bangla,Physics,3,1.0,4000
842,Gulshan,5,English Medium,Physics,3,1.5,8000
843,Middle Badda,10,English Version,Biology,5,1.5,9500
844,Gulshan,10,English Version,ICT,4,2.5,18000
845,Khilkhet,10,English Version,All Subjects,2,3.0,10500
846,Middle Badda,1,English Medium,Physics,6,3.0,16000
847,Khilkhet,1,English Version,All Subjects,2,1.5,3500
848,Rampura,5,English Version,Chemistry,5,1.5,8000
849,Shahbag,1,English Version,Bangla,5,2.5,9000
850,Mohakhali,2,Bangla,All Subjects,3,2.5,8000
851,Middle Badda,1,Bangla,Physics,5,1.0,3500
852,Khilkhet,11,English Medium,Bangla,2,1.0,3500
853,Middle Badda,11,Bangla,All Subjects,5,3.0,18500
854,Uttara,7,English Version,Math,3,2.0,9000
855,New Market,3,Bangla,Bangla,3,1.0,2500
856,Mirpur,12,English Version,General Science,4,1.5,7000
857,Uttara,4,Bangla,Chemistry,2,2.5,7500
858,Middle Badda,9,English Version,General Science,3,1.5,6000
859,Middle Badda,8,Bangla,English,6,3.0,14500
860,Mohakhali,5,English Version,All Subjects,3,1.0,4000
861,Gulshan,11,Bangla,Bangla,2,3.0,12500
862,Mirpur,6,English Medium,Math,2,2.5,8500
863,Uttara,11,Bangla,All Subjects,3,2.5,13000
864,Notun Bazar,1,Bangla,Chemistry,4,2.0,7500
865,Banani,7,English Version,English,4,2.5,13000
866,Khilkhet,5,Bangla,ICT,6,1.5,8000
867,Shahbag,1,Bangla,All Subjects,2,2.5,6000
868,Shahbag,12,Bangla,Biology,4,3.0,17500
869,Shahbag,6,English Medium,General Science,6,2.5,17000
870,Uttara,10,Bangla,Chemistry,3,1.0,4500
871,Middle Badda,11,English Version,Physics,6,2.5,19000
872,Notun Bazar,6,English Version,Physics,2,1.5,5000
873,Mirpur,2,Bangla,All Subjects,6,2.0,9500
874,Banani,11,Bangla,ICT,6,3.0,27500
875,Uttara,4,Bangla,Biology,5,2.5,13000
876,New Market,3,English Version,General Science,6,2.0,10000
877,Rampura,12,Bangla,All Subjects,4,3.0,17000
878,Notun Bazar,9,English Version,Physics,6,2.0,16000
879,Notun Bazar,2,English Medium,Chemistry,2,2.0,6500
880,New Market,9,English Version,ICT,3,3.0,12000
881,Mirpur,12,English Medium,Math,4,2.5,13500
882,Badda,6,English Version,Chemistry,3,3.0,11500
883,Banani,6,English Version,Physics,2,2.5,10500
884,Middle Badda,9,Bangla,Biology,5,3.0,15500
885,Notun Bazar,3,English Version,English,6,1.5,7000
886,Gulshan,8,Bangla,All Subjects,2,1.0,4000
887,Gulshan,11,English Version,English,4,2.5,18500
888,Banani,9,English Version,Chemistry,2,3.0,14500
889,New Market,4,Bangla,Physics,4,2.0,8000
890,Middle Badda,11,Bangla,Bangla,3,2.0,6500
891,Shahbag,9,English Version,Physics,6,2.0,16000
892,Mirpur,3,English Medium,Chemistry,6,1.5,8000
893,Mirpur,10,English Medium,All Subjects,5,1.0,6500
894,Middle Badda,11,Bangla,ICT,2,1.0,3000
895,Uttara,12,English Version,General Science,6,2.0,15500
896,Badda,12,English Version,All Subjects,2,2.5,10000
897,Banani,12,English Version,General Science,4,2.5,17000
898,Badda,3,English Medium,Chemistry,4,2.5,10500
899,New Market,6,English Version,Biology,5,2.5,12500
900,Middle Badda,2,Bangla,General Science,3,2.0,5500
901,Shahbag,10,Bangla,English,5,1.0,5500
902,New Market,2,English Version,All Subjects,5,2.5,12000
903,Badda,10,Bangla,Bangla,5,2.5,11000
904,Badda,12,English Version,ICT,6,2.0,15000
905,Badda,3,English Version,English,6,2.5,11000
906,Shahbag,8,Bangla,English,5,1.5,7500
907,Rampura,2,English Version,ICT,4,2.5,9000
908,Gulshan,2,Bangla,Bangla,6,1.0,5500
909,New Market,3,English Version,Chemistry,5,3.0,15500
910,Badda,4,English Version,Biology,4,3.0,13000
911,New Market,5,English Medium,ICT,4,1.0,5000
912,Shahbag,9,Bangla,Bangla,4,1.0,4500
913,Mohakhali,1,Bangla,All Subjects,4,1.0,4000
914,Gulshan,4,Bangla,ICT,4,2.5,12000
915,Rampura,9,Bangla,Bangla,5,1.5,6500
916,Rampura,6,English Version,Bangla,4,1.5,5500
917,Banani,11,Bangla,General Science,5,1.5,9500
918,New Market,7,English Medium,ICT,6,1.5,10500
919,Rampura,9,English Version,ICT,4,1.5,7000
920,Shahbag,1,English Version,Physics,6,2.0,10500
921,Mohakhali,10,Bangla,Math,6,2.5,18500
922,Banani,10,English Version,English,3,3.0,17500
923,Mirpur,8,English Version,All Subjects,6,1.0,6000
924,New Market,12,English Version,English,6,3.0,21500
925,Gulshan,6,English Version,Math,5,2.5,17500
926,Middle Badda,10,English Version,ICT,4,2.0,10000
927,Gulshan,12,English Medium,Chemistry,6,2.0,22500
928,Middle Badda,10,Bangla,Math,4,3.0,12500
929,Middle Badda,2,Bangla,English,4,2.0,5500
930,Mirpur,5,English Medium,Math,2,3.0,8000
931,Shahbag,12,Bangla,General Science,4,1.5,7500
932,Khilkhet,4,English Version,All Subjects,2,2.0,6500
933,Uttara,10,English Medium,Bangla,5,2.5,18500
934,Badda,11,Bangla,Bangla,3,3.0,11000
935,Notun Bazar,1,English Version,English,2,1.5,3500
936,Middle Badda,5,English Version,All Subjects,3,2.5,9500
937,Rampura,8,Bangla,All Subjects,5,1.0,5000
938,Middle Badda,7,English Version,All Subjects,2,1.0,3500
939,New Market,6,English Medium,ICT,6,2.0,13000
940,Mirpur,2,Bangla,ICT,5,1.5,5500
941,Shahbag,4,English Version,Bangla,4,3.0,10500
942,Gulshan,2,Bangla,English,6,1.0,5500
943,Notun Bazar,4,English Version,Chemistry,3,1.0,3500
944,Banani,1,English Medium,Physics,6,1.0,7500
945,Banani,2,English Medium,Bangla,5,3.0,17500
946,Uttara,2,English Version,Chemistry,4,2.5,11500
947,Banani,11,English Version,Chemistry,5,2.0,17000
948,Banani,5,English Version,ICT,5,2.0,14000
949,Mirpur,5,Bangla,English,5,1.5,6000
950,Uttara,11,English Version,Bangla,6,2.5,17500
951,New Market,2,English Medium,Chemistry,2,1.0,2500
952,Shahbag,12,Bangla,General Science,2,2.5,8000
953,New Market,1,English Medium,ICT,4,1.5,6000
954,Rampura,10,Bangla,General Science,5,2.5,12500
955,Khilkhet,2,English Version,Math,5,2.5,10000
956,Mohakhali,6,Bangla,Chemistry,5,1.0,6000
957,New Market,2,Bangla,Biology,2,2.5,6000
958,Mirpur,11,Bangla,All Subjects,2,2.5,8500
959,Mirpur,12,Bangla,English,4,2.5,10000
960,New Market,8,English Version,Bangla,2,1.5,4000
961,Shahbag,4,English Version,English,6,2.0,11000
962,Middle Badda,1,Bangla,Math,4,1.0,3000
963,Badda,11,English Version,General Science,6,1.5,10500
964,Badda,2,Bangla,Bangla,5,1.0,3500
965,Shahbag,1,Bangla,Bangla,2,1.5,3000
966,Mirpur,2,English Version,Bangla,6,1.0,4500
967,Banani,2,English Version,Physics,2,1.5,5000
968,Khilkhet,11,Bangla,English,6,3.0,18000
969,Badda,1,English Version,Biology,2,1.0,2500
970,Rampura,3,English Version,All Subjects,3,2.5,8000
971,Shahbag,1,Bangla,ICT,3,1.0,3000
972,Banani,1,Bangla,English,6,2.0,10000
973,Middle Badda,12,Bangla,Bangla,4,3.0,13000
974,Badda,3,English Version,Math,6,1.5,8000
975,Shahbag,2,English Version,Chemistry,4,2.5,9500
976,Badda,4,Bangla,All Subjects,2,3.0,7500
977,Mohakhali,9,Bangla,Physics,4,1.0,5000
978,Uttara,11,English Version,General Science,5,1.5,9500
979,Gulshan,1,English Version,Chemistry,3,2.5,10000
980,Shahbag,8,Bangla,Math,6,1.5,8500
981,Gulshan,8,English Version,English,3,2.5,13000
982,Notun Bazar,7,Bangla,Biology,3,1.0,3500
983,Banani,4,English Version,Physics,5,1.5,9000
984,Shahbag,8,Bangla,ICT,3,1.5,6500
985,Middle Badda,3,Bangla,Bangla,5,1.5,5500
986,Mirpur,4,Bangla,Math,6,1.0,4500
987,Banani,8,English Version,Bangla,4,1.5,9000
988,Shahbag,3,English Version,Bangla,6,3.0,16000
989,Banani,7,English Medium,General Science,3,3.0,15500
990,Middle Badda,5,Bangla,ICT,3,1.5,4500
991,Shahbag,4,English Medium,Bangla,6,1.0,6000
992,Gulshan,1,English Medium,All Subjects,2,2.5,9500
993,Middle Badda,12,English Version,General Science,5,1.5,8500
994,Gulshan,12,English Version,Physics,3,2.0,13000
995,New Market,2,Bangla,Chemistry,3,2.5,8000
996,Khilkhet,10,Bangla,General Science,5,1.5,8500
997,Rampura,3,English Version,Biology,5,1.0,5000
998,Banani,7,English Medium,Biology,6,1.0,9000
999,Mirpur,12,English Medium,All Subjects,6,1.5,13500
1000,Banani,10,English Medium,Math,6,2.0,21500
1001,Banani,7,Bangla,Math,4,2.0,10000
1002,Mohakhali,12,Bangla,Physics,3,2.0,10000
1003,Banani,11,English Version,Physics,3,2.0,12500
1004,Mirpur,9,English Version,Chemistry,2,1.0,3500
1005,Middle Badda,8,English Version,English,5,3.0,16500
1006,Mohakhali,5,English Version,Biology,2,1.5,5500
1007,Middle Badda,2,Bangla,Bangla,4,1.0,2500
1008,Mirpur,2,English Version,General Science,3,1.5,4000
1009,New Market,1,Bangla,All Subjects,3,2.5,7000
1010,Middle Badda,12,English Version,Chemistry,3,1.0,4500
1011,Badda,9,English Version,ICT,6,2.0,13500
1012,Notun Bazar,8,English Version,All Subjects,6,2.5,18000
1013,Shahbag,3,English Medium,Chemistry,3,2.0,8000
1014,Notun Bazar,5,English Version,Math,3,2.0,7000
1015,Uttara,10,English Medium,All Subjects,4,1.5,12000
1016,Khilkhet,12,English Medium,Bangla,3,1.5,6500
1017,Notun Bazar,10,Bangla,Chemistry,4,1.5,7500
1018,Khilkhet,1,English Version,Biology,3,2.0,6000
1019,Uttara,9,Bangla,Math,5,2.5,15500
1020,Middle Badda,6,Bangla,All Subjects,6,2.0,11500
1021,Mirpur,8,English Medium,Bangla,6,2.5,14500
1022,Banani,12,English Version,Math,3,3.0,16500
1023,Gulshan,7,English Version,Physics,5,2.0,14500
1024,Gulshan,10,English Version,All Subjects,3,2.0,12000
1025,Banani,9,English Version,English,6,2.5,19500
1026,Notun Bazar,10,English Version,Math,4,2.5,12500
1027,Rampura,6,Bangla,Math,4,2.0,7500
1028,Middle Badda,9,Bangla,General Science,5,2.5,11500
1029,Khilkhet,7,English Version,ICT,3,3.0,12000
1030,Uttara,4,Bangla,All Subjects,4,1.0,5000
1031,Shahbag,7,Bangla,ICT,4,2.5,10500
1032,Middle Badda,12,English Version,Bangla,3,1.5,6500
1033,Mirpur,9,English Version,Chemistry,6,2.0,13500
1034,Khilkhet,8,Bangla,Math,3,2.0,7000
1035,New Market,11,English Version,Chemistry,5,1.5,10500
1036,Khilkhet,11,Bangla,English,4,2.5,13000
1037,Banani,10,English Version,General Science,6,2.5,23000
1038,New Market,11,English Version,English,4,3.0,16500
1039,Gulshan,5,Bangla,Math,3,2.0,8500
1040,Khilkhet,3,Bangla,Math,4,2.0,7000
1041,Notun Bazar,1,Bangla,All Subjects,2,3.0,6500
1042,New Market,3,English Version,Bangla,6,2.0,10500
1043,New Market,5,Bangla,Biology,2,3.0,8000
1044,Uttara,1,Bangla,Chemistry,4,2.5,9500
1045,Uttara,2,Bangla,All Subjects,3,1.5,5500
1046,Mohakhali,10,English Version,All Subjects,6,3.0,27000
1047,Banani,7,English Version,English,2,1.5,6000
1048,Middle Badda,6,Bangla,Biology,3,2.5,9000
1049,Shahbag,9,English Version,Biology,3,2.0,8500
1050,Banani,4,Bangla,Bangla,3,2.0,6500
1051,Uttara,2,Bangla,English,2,1.0,2500
1052,Rampura,1,Bangla,Math,6,3.0,11000
1053,Banani,5,Bangla,Chemistry,2,1.0,3500
1054,Shahbag,4,English Version,Physics,3,2.0,7000
1055,Uttara,12,English Medium,Biology,4,1.5,12000
1056,Khilkhet,10,Bangla,English,2,3.0,9500
1057,Mohakhali,4,English Version,Chemistry,3,3.0,11000
1058,Khilkhet,2,English Medium,All Subjects,5,2.0,11000
1059,Uttara,8,English Version,English,3,2.0,9500
1060,Rampura,4,English Version,ICT,2,2.0,5000
1061,Banani,9,Bangla,Biology,4,3.0,19000
1062,Banani,6,English Version,ICT,4,2.5,14500
1063,Mirpur,11,English Medium,General Science,3,3.0,13000
1064,Rampura,4,English Medium,General Science,4,1.5,5500
1065,New Market,8,English Version,ICT,5,3.0,18000
1066,Banani,2,Bangla,ICT,6,1.0,6000
1067,Uttara,2,Bangla,Physics,4,1.5,6000
1068,Rampura,2,Bangla,ICT,5,2.0,8000
1069,Shahbag,10,Bangla,ICT,4,2.5,13000
1070,Rampura,8,English Version,Bangla,5,1.0,4500
1071,Middle Badda,8,Bangla,Bangla,2,1.0,2500
1072,Banani,8,English Version,Bangla,5,3.0,20500
1073,Uttara,5,English Version,English,2,3.0,9500
1074,Middle Badda,4,Bangla,General Science,5,3.0,11000
1075,Notun Bazar,9,English Version,Math,5,1.0,6000
1076,Notun Bazar,7,Bangla,Math,2,1.5,4500
1077,Mirpur,12,Bangla,ICT,3,2.0,8000
1078,Middle Badda,2,English Version,General Science,6,3.0,14000
1079,Middle Badda,9,English Medium,All Subjects,2,2.5,9500
1080,Shahbag,7,English Version,Biology,4,2.0,9500
1081,Shahbag,1,Bangla,Biology,4,3.0,9500
1082,New Market,6,Bangla,ICT,4,2.0,8000
1083,Gulshan,11,Bangla,Physics,4,3.0,19500
1084,Khilkhet,2,English Medium,English,4,1.5,5500
1085,Notun Bazar,1,English Version,ICT,6,3.0,15500
1086,Mirpur,1,English Version,Math,4,2.5,8000
1087,Notun Bazar,10,Bangla,General Science,2,1.5,4500
1088,Mohakhali,11,Bangla,Chemistry,4,2.5,14000
1089,New Market,2,English Version,All Subjects,3,2.0,6500
1090,Mirpur,10,Bangla,Physics,6,1.0,6500
1091,Shahbag,2,English Version,Chemistry,2,3.0,9000
1092,Middle Badda,7,Bangla,English,4,3.0,12000
1093,Rampura,11,English Version,Physics,5,2.5,16000
1094,Mohakhali,8,English Version,All Subjects,3,1.0,5000
1095,Mohakhali,3,English Version,Physics,5,2.0,12000
1096,Mohakhali,10,English Medium,ICT,6,1.0,9000
1097,Notun Bazar,8,Bangla,Bangla,4,2.5,10000
1098,Banani,11,Bangla,ICT,4,2.0,13000
1099,Mirpur,11,English Version,ICT,3,1.0,4000
1100,Gulshan,4,English Version,Chemistry,5,2.5,17500
1101,Rampura,7,English Version,Math,3,1.5,5500
1102,Gulshan,5,English Version,Chemistry,6,1.5,13000
1103,Gulshan,12,English Version,Math,2,1.0,5000
1104,Mirpur,2,English Medium,ICT,4,1.0,3500
1105,Khilkhet,3,Bangla,All Subjects,2,3.0,8000
1106,Shahbag,9,Bangla,English,3,3.0,10500
1107,Notun Bazar,6,English Version,ICT,3,2.5,9000
1108,Banani,3,Bangla,Chemistry,5,2.5,13500
1109,Shahbag,1,English Version,Biology,2,2.0,5000
1110,Middle Badda,11,Bangla,Chemistry,3,2.0,8500
1111,Notun Bazar,5,Bangla,Math,2,1.5,3500
1112,Rampura,5,English Version,Biology,2,3.0,9000
1113,Middle Badda,7,Bangla,ICT,4,2.0,7500
1114,Badda,5,Bangla,Bangla,5,2.0,8500
1115,New Market,7,English Version,Chemistry,2,2.5,8500
1116,Rampura,6,English Version,English,3,2.0,7000
1117,Notun Bazar,7,English Version,All Subjects,4,2.5,13500
1118,Gulshan,11,English Version,General Science,3,1.0,5500
1119,New Market,5,Bangla,English,2,1.5,3500
1120,Khilkhet,11,English Version,ICT,4,2.5,14000
1121,Khilkhet,3,Bangla,Biology,4,1.5,5000
1122,Notun Bazar,3,Bangla,ICT,6,1.5,6500
1123,Gulshan,9,English Version,Physics,2,2.5,11500
1124,Khilkhet,3,Bangla,ICT,6,2.0,9000
1125,Notun Bazar,3,English Medium,English,2,3.0,8000
1126,Middle Badda,11,English Version,Physics,3,1.5,8000
1127,Mirpur,5,English Version,ICT,3,2.5,8500
1128,Shahbag,4,English Medium,Chemistry,3,2.5,10500
1129,Uttara,1,Bangla,Chemistry,3,3.0,9500
1130,Badda,6,English Version,General Science,2,1.0,2500
1131,Notun Bazar,12,Bangla,Physics,5,2.5,17500
1132,Mirpur,2,Bangla,Math,2,2.0,4500
1133,Middle Badda,6,English Medium,Math,2,2.0,6500
1134,Rampura,5,English Medium,Biology,3,3.0,11000
1135,Uttara,5,Bangla,General Science,4,2.5,9500
1136,Notun Bazar,12,English Version,Bangla,4,1.0,5000
1137,Uttara,8,English Medium,Chemistry,4,2.5,16000
1138,Mirpur,10,English Version,Chemistry,6,2.0,14000
1139,Uttara,6,English Version,General Science,3,3.0,12500
1140,New Market,11,English Version,Math,3,1.5,6500
1141,Uttara,1,English Version,Bangla,5,2.5,9500
1142,Middle Badda,1,Bangla,All Subjects,5,2.5,9500
1143,Khilkhet,3,Bangla,English,3,2.0,5000
1144,Uttara,12,English Version,Chemistry,6,3.0,26500
1145,Gulshan,9,English Version,Bangla,5,1.0,7000
1146,Middle Badda,11,Bangla,Biology,2,2.0,7000
1147,New Market,2,Bangla,English,4,1.5,4500
1148,Middle Badda,12,English Version,General Science,4,3.0,16500
1149,Notun Bazar,1,English Version,General Science,4,3.0,9500
1150,Gulshan,11,Bangla,Math,2,3.0,14000
1151,Rampura,2,Bangla,Bangla,3,2.5,5500
1152,Badda,3,Bangla,ICT,4,1.5,4500
1153,Middle Badda,7,English Version,Chemistry,6,1.5,9500
1154,Banani,6,English Version,General Science,5,2.5,16000
1155,Shahbag,10,Bangla,ICT,4,3.0,14000
1156,New Market,7,Bangla,All Subjects,4,2.5,12000
1157,New Market,11,English Version,General Science,6,3.0,19500
1158,Middle Badda,7,Bangla,General Science,4,1.5,6500
1159,New Market,5,English Version,All Subjects,5,2.0,11500
1160,Mohakhali,2,English Medium,All Subjects,2,3.0,9500
1161,Banani,8,English Version,Chemistry,4,2.0,14000
1162,Mohakhali,1,Bangla,General Science,3,1.5,4500
1163,Gulshan,2,Bangla,Chemistry,4,3.0,15000
1164,New Market,8,English Version,Chemistry,4,1.5,7500
1165,Banani,12,English Medium,Chemistry,2,2.5,14500
1166,Gulshan,7,Bangla,Bangla,5,2.5,15000
1167,New Market,12,English Version,General Science,4,3.0,17500
1168,Shahbag,6,English Version,ICT,4,1.0,4500
1169,Gulshan,4,Bangla,Math,3,1.0,4000
1170,New Market,3,English Version,ICT,6,1.5,7500
1171,Middle Badda,3,English Version,Math,2,1.5,4000
1172,Khilkhet,12,Bangla,General Science,5,1.0,6000
1173,Shahbag,4,Bangla,ICT,2,2.0,4500
1174,New Market,12,Bangla,ICT,5,3.0,18500
1175,Mohakhali,5,Bangla,ICT,5,3.0,15500
1176,Shahbag,11,English Medium,General Science,3,1.0,5000
1177,Rampura,10,Bangla,English,4,2.5,11500
1178,Banani,8,English Version,Biology,5,2.5,17000
1179,Mirpur,12,Bangla,Biology,5,1.5,8500
1180,Shahbag,11,Bangla,General Science,3,2.0,8500
1181,Rampura,7,English Version,Biology,5,1.5,8500
1182,Mirpur,12,English Version,General Science,3,1.5,6000
1183,Shahbag,8,Bangla,ICT,5,2.0,10500
1184,Mohakhali,1,English Medium,Biology,4,2.0,9500
1185,Uttara,9,Bangla,English,4,2.5,11000
1186,Badda,2,English Version,General Science,4,2.0,7000
1187,Gulshan,9,Bangla,Bangla,6,3.0,22500
1188,Khilkhet,1,English Medium,General Science,5,1.0,5000
1189,Shahbag,10,English Version,English,6,1.0,7000
1190,Uttara,11,Bangla,Physics,4,1.5,9500
1191,Khilkhet,8,English Version,General Science,2,1.5,5000
1192,Notun Bazar,3,Bangla,Physics,5,2.5,12000
1193,Gulshan,4,English Version,General Science,4,2.0,10500
1194,Banani,5,Bangla,ICT,4,1.5,7000
1195,Mohakhali,7,English Version,Bangla,5,2.5,15000
1196,Middle Badda,9,English Version,Biology,2,2.5,8000
1197,Gulshan,12,English Version,English,2,2.0,9000
1198,Uttara,7,Bangla,Math,3,3.0,10500
1199,New Market,12,English Version,All Subjects,4,2.5,15500
1200,New Market,12,English Version,Chemistry,4,2.0,11500
1201,Mirpur,9,English Version,Bangla,5,2.5,12500
1202,Mohakhali,10,English Version,General Science,4,2.5,15000
1203,Mirpur,2,Bangla,Biology,5,1.5,5500
1204,Mohakhali,5,Bangla,All Subjects,6,2.0,12500
1205,New Market,3,Bangla,All Subjects,6,2.0,10000
1206,Mirpur,12,Bangla,All Subjects,2,1.0,3500
1207,Mirpur,11,English Version,English,2,1.0,3000
1208,Shahbag,12,Bangla,Biology,3,3.0,14500
1209,New Market,11,English Version,Physics,4,2.0,11500
1210,Khilkhet,10,English Version,ICT,6,1.5,10000
1211,Mohakhali,10,Bangla,Biology,5,1.0,6000
1212,Rampura,7,Bangla,Math,5,1.5,7000
1213,Middle Badda,2,Bangla,All Subjects,5,3.0,12500
1214,Rampura,5,English Version,ICT,5,2.5,12500
1215,Rampura,3,Bangla,Bangla,5,2.5,8000
1216,Khilkhet,9,English Medium,English,3,2.5,11500
1217,Khilkhet,3,English Medium,Biology,2,3.0,9500
1218,Banani,2,Bangla,Chemistry,2,3.0,8500
1219,Notun Bazar,5,English Medium,Chemistry,4,2.5,12000
1220,Uttara,3,English Version,ICT,2,2.0,6000
1221,Badda,3,English Version,General Science,2,1.0,2500
1222,Banani,1,Bangla,Chemistry,6,2.5,15500
1223,Rampura,8,English Version,Bangla,3,3.0,11000
1224,Middle Badda,11,Bangla,Biology,2,3.0,10000
1225,Rampura,7,Bangla,ICT,4,3.0,11000
1226,New Market,8,English Version,English,3,1.0,4000
1227,Khilkhet,5,English Version,English,6,1.0,5000
1228,Shahbag,9,English Version,Math,6,3.0,20500
1229,Middle Badda,9,English Medium,English,6,1.5,11500
1230,Mirpur,4,Bangla,General Science,2,3.0,6500
1231,Rampura,10,Bangla,Math,4,2.5,10500
1232,Gulshan,9,Bangla,Chemistry,2,1.0,5000
1233,Mohakhali,3,Bangla,Bangla,4,1.0,3500
1234,Rampura,11,Bangla,Biology,3,1.0,4500
1235,Mirpur,7,Bangla,Bangla,5,2.0,7500
1236,Banani,1,Bangla,Physics,5,3.0,16000
1237,Rampura,2,Bangla,Biology,5,3.0,11500
1238,Middle Badda,1,Bangla,Physics,2,2.0,4500
1239,Shahbag,11,Bangla,All Subjects,3,2.0,9500
1240,Middle Badda,2,English Version,All Subjects,3,1.5,4500
1241,Uttara,4,English Version,ICT,6,2.5,14000
1242,Middle Badda,10,Bangla,Bangla,2,1.0,3000
1243,Middle Badda,5,English Version,ICT,4,1.5,6500
1244,Mohakhali,5,Bangla,All Subjects,6,1.0,6000
1245,Rampura,12,Bangla,Bangla,6,2.0,13000
1246,Badda,10,English Version,Biology,4,2.0,12000
1247,Khilkhet,8,Bangla,Biology,4,1.5,7000
1248,Shahbag,6,Bangla,Bangla,2,3.0,7500
1249,Gulshan,11,Bangla,All Subjects,5,2.5,21000
1250,New Market,11,Bangla,Math,5,1.0,5500
1251,Rampura,10,Bangla,Bangla,2,1.0,2500
1252,Badda,8,Bangla,Math,4,2.0,8000
1253,Shahbag,11,Bangla,Physics,3,2.5,13000
1254,Gulshan,5,English Version,Physics,2,1.5,6500
1255,New Market,7,Bangla,Chemistry,6,3.0,18500
1256,Mohakhali,4,English Version,Bangla,2,3.0,7500
1257,Banani,3,Bangla,Physics,6,2.0,12000
1258,New Market,1,English Medium,All Subjects,6,2.0,12000
1259,Middle Badda,1,English Medium,Math,4,2.5,10000
1260,Rampura,5,Bangla,All Subjects,5,2.5,11500
1261,Gulshan,12,Bangla,Chemistry,5,3.0,25500
1262,Gulshan,7,Bangla,English,6,1.0,8000
1263,Badda,12,Bangla,English,3,1.5,5500
1264,Mirpur,2,English Version,English,2,2.5,5000
1265,Gulshan,10,English Version,Biology,4,1.5,10000
1266,Badda,6,English Version,Biology,6,1.5,10000
1267,Shahbag,10,Bangla,English,5,3.0,15500
1268,Gulshan,1,Bangla,English,3,1.0,3500
1269,Middle Badda,1,Bangla,ICT,2,1.0,2500
1270,Mohakhali,1,Bangla,ICT,5,1.0,4000
1271,Rampura,4,English Medium,Math,5,2.5,13000
1272,Rampura,10,English Version,Biology,2,2.5,9000
1273,Shahbag,4,Bangla,Math,6,1.0,5500
1274,Badda,10,Bangla,All Subjects,4,2.0,10000
1275,Khilkhet,10,Bangla,Physics,3,1.0,4000
1276,Mirpur,10,Bangla,Biology,4,3.0,14500
1277,Uttara,3,English Version,Biology,4,2.0,10000
1278,Mohakhali,10,English Version,Bangla,2,1.5,5500
1279,Mohakhali,1,Bangla,Physics,3,1.5,5000
1280,Notun Bazar,4,English Version,General Science,6,2.0,11500
1281,Shahbag,6,English Version,ICT,4,1.5,6500
1282,Gulshan,8,Bangla,Math,3,1.5,7000
1283,Badda,4,English Version,Biology,5,1.5,7000
1284,Gulshan,6,Bangla,Biology,2,3.0,10000
1285,Mirpur,8,Bangla,Biology,2,1.0,2500
1286,Mirpur,3,Bangla,Chemistry,3,2.0,6000
1287,Badda,3,Bangla,Bangla,4,1.0,2500
1288,New Market,3,Bangla,English,4,1.5,5000
1289,Badda,6,English Version,Bangla,6,3.0,17000
1290,Khilkhet,2,Bangla,Bangla,3,1.5,4000
1291,Khilkhet,6,Bangla,ICT,3,1.0,3500
1292,Shahbag,4,English Medium,Chemistry,3,2.0,8500
1293,New Market,5,English Medium,All Subjects,6,2.5,17000
1294,Banani,8,English Version,English,3,3.0,14500
1295,New Market,9,Bangla,All Subjects,5,1.5,8500
1296,Notun Bazar,9,English Version,General Science,5,2.0,11500
1297,New Market,10,English Version,Physics,3,1.5,7500
1298,Badda,7,Bangla,ICT,5,3.0,13000
1299,Notun Bazar,5,English Version,Bangla,2,2.0,5000
1300,Notun Bazar,4,English Version,General Science,6,3.0,15500
1301,Middle Badda,8,Bangla,Biology,5,2.0,10000
1302,Gulshan,3,Bangla,Chemistry,2,2.0,7000
1303,Mirpur,9,English Version,English,4,1.5,6000
1304,Banani,6,Bangla,Physics,4,1.5,8500
1305,Mirpur,5,English Version,Chemistry,3,3.0,11500
1306,Khilkhet,12,English Version,Chemistry,2,2.0,8000
1307,Notun Bazar,7,English Medium,Math,5,3.0,20500
1308,Uttara,7,Bangla,Physics,5,1.5,9000
1309,Mohakhali,8,English Version,General Science,4,1.0,5000
1310,Badda,7,English Version,ICT,3,2.5,9500
1311,Mohakhali,1,Bangla,Bangla,4,1.0,3000
1312,New Market,6,Bangla,ICT,5,2.5,12500
1313,Khilkhet,9,Bangla,Math,6,1.0,6500
1314,Uttara,6,English Version,ICT,5,1.5,9500
1315,Banani,9,Bangla,General Science,2,2.0,7500
1316,Middle Badda,11,English Medium,English,3,1.0,5000
1317,Uttara,1,English Version,General Science,2,1.5,3500
1318,Rampura,5,Bangla,Chemistry,6,1.0,5500
1319,Notun Bazar,9,Bangla,Biology,5,2.5,13000
1320,Banani,3,English Version,General Science,2,2.5,8500
1321,Badda,3,English Medium,Chemistry,5,2.5,12500
1322,Shahbag,5,English Version,All Subjects,5,2.0,11000
1323,Uttara,8,Bangla,ICT,6,1.5,10000
1324,Shahbag,8,English Version,Math,2,2.0,7000
1325,Middle Badda,6,English Version,Chemistry,5,3.0,17500
1326,Uttara,7,Bangla,ICT,5,2.5,15000
1327,Uttara,12,English Version,ICT,2,1.5,7000
1328,Uttara,5,English Medium,All Subjects,4,1.0,6000
1329,Khilkhet,4,English Medium,ICT,6,1.0,7000
1330,Banani,2,English Version,Biology,5,2.5,13500
1331,Badda,9,Bangla,Math,2,2.5,7000
1332,Khilkhet,7,English Medium,ICT,2,1.0,3500
1333,Khilkhet,3,Bangla,General Science,5,2.5,9000
1334,Mohakhali,11,Bangla,General Science,3,2.5,11500
1335,Uttara,3,English Version,English,3,2.0,6500
1336,Khilkhet,7,Bangla,Math,4,1.5,6500
1337,Uttara,4,English Version,All Subjects,3,2.5,10500
1338,New Market,9,English Version,English,5,2.0,11500
1339,Shahbag,1,Bangla,ICT,3,1.5,4000
1340,Badda,4,Bangla,ICT,2,1.0,2500
1341,Badda,11,English Version,Physics,2,1.5,6000
1342,Gulshan,7,English Version,Biology,4,3.0,20000
1343,Shahbag,4,English Medium,ICT,5,1.0,5500
1344,Banani,6,Bangla,Math,5,2.0,10500
1345,Badda,8,Bangla,Chemistry,6,2.0,11500
1346,Badda,7,Bangla,General Science,2,3.0,8000
1347,Shahbag,3,Bangla,English,6,2.0,10500
1348,Khilkhet,7,English Version,Bangla,4,1.5,6500
1349,Khilkhet,6,English Medium,General Science,2,2.0,6000
1350,Shahbag,8,Bangla,Physics,6,3.0,21500
1351,Gulshan,4,Bangla,English,4,1.5,7000
1352,Badda,10,Bangla,Bangla,4,2.5,10000
1353,Uttara,7,Bangla,Math,3,3.0,13000
1354,Middle Badda,12,English Medium,Bangla,4,2.0,11500
1355,Gulshan,9,English Version,ICT,4,1.0,6500
1356,Khilkhet,6,Bangla,Physics,6,1.0,6500
1357,New Market,4,English Version,Physics,6,2.5,15500
1358,Uttara,8,English Version,English,5,1.0,6500
1359,Gulshan,11,English Medium,Physics,3,1.0,7000
1360,Mohakhali,4,Bangla,English,5,2.5,11000
1361,Khilkhet,4,Bangla,Bangla,6,1.5,6500
1362,Shahbag,8,English Medium,Physics,4,2.5,14500
1363,Notun Bazar,7,Bangla,General Science,5,2.5,12000
1364,Khilkhet,7,English Version,General Science,2,2.5,7500
1365,Banani,5,English Version,Bangla,6,1.5,9500
1366,Middle Badda,5,English Version,ICT,6,3.0,16500
1367,Notun Bazar,3,English Version,Physics,3,1.5,5000
1368,Mohakhali,12,English Version,General Science,5,2.5,19500
1369,Khilkhet,6,Bangla,Chemistry,6,1.0,6000
1370,Gulshan,2,Bangla,Bangla,3,2.5,9000
1371,Khilkhet,6,English Version,General Science,4,1.0,4500
1372,Rampura,12,Bangla,General Science,2,2.0,6500
1373,New Market,1,English Version,Bangla,4,3.0,9500
1374,New Market,3,Bangla,Bangla,2,1.0,2500
1375,New Market,12,English Medium,ICT,6,1.0,8500
1376,Badda,7,Bangla,ICT,4,2.0,8000
1377,Mohakhali,11,English Medium,Chemistry,5,1.0,8000
1378,Shahbag,6,English Version,Chemistry,3,2.5,11500
1379,Gulshan,3,English Version,Math,2,1.0,3500
1380,Rampura,9,Bangla,Chemistry,5,1.5,8000
1381,Uttara,12,Bangla,General Science,3,3.0,14500
1382,Middle Badda,10,English Version,Bangla,3,1.0,4000
1383,Badda,5,English Medium,ICT,5,3.0,15000
1384,New Market,3,Bangla,English,5,1.0,3500
1385,Notun Bazar,1,English Version,General Science,5,1.0,3500
1386,Mirpur,1,English Version,Math,2,1.5,3000
1387,Gulshan,7,English Version,Chemistry,5,2.5,21000
1388,Shahbag,7,Bangla,Biology,4,1.5,7500
1389,New Market,7,Bangla,Math,4,2.0,9000
1390,Gulshan,8,English Medium,ICT,3,1.0,6000
1391,Mohakhali,5,English Medium,Physics,4,2.5,15000
1392,New Market,8,English Version,Physics,2,2.0,6500
1393,Notun Bazar,1,English Medium,Biology,5,1.5,7500
1394,Rampura,12,English Version,English,4,2.5,14500
1395,Middle Badda,11,English Medium,English,5,2.0,13500
1396,Khilkhet,3,English Medium,All Subjects,2,1.5,4500
1397,Banani,5,English Version,All Subjects,5,1.5,11500
1398,Banani,8,English Version,Physics,3,1.5,8000
1399,New Market,12,Bangla,ICT,2,1.5,5500
1400,Notun Bazar,7,English Version,Physics,4,2.5,14000
1401,New Market,2,English Version,All Subjects,5,1.0,5000
1402,Notun Bazar,4,English Medium,English,4,2.5,12000
1403,Khilkhet,12,English Version,All Subjects,5,1.5,10500
1404,Banani,5,Bangla,English,4,3.0,15000
1405,Khilkhet,2,English Version,Bangla,4,2.5,8500
1406,Gulshan,5,Bangla,All Subjects,3,2.5,12500
1407,Notun Bazar,6,English Version,Bangla,6,3.0,17000
1408,Banani,7,Bangla,General Science,4,1.5,8000
1409,Mirpur,4,English Version,General Science,3,3.0,8500
1410,Khilkhet,11,English Version,Math,6,2.0,14500
1411,Khilkhet,2,Bangla,General Science,3,2.5,6500
1412,Rampura,1,English Medium,Biology,3,1.5,5000
1413,Badda,12,English Version,Bangla,5,2.5,14000
1414,New Market,3,English Medium,All Subjects,5,2.0,11000
1415,Middle Badda,6,English Version,ICT,2,3.0,9000
1416,Mirpur,12,English Medium,All Subjects,5,1.0,7000
1417,Shahbag,1,English Version,Chemistry,5,1.5,7000
1418,Middle Badda,12,English Version,Bangla,3,1.5,6500
1419,Badda,12,English Version,Biology,6,1.0,8000
1420,Uttara,7,English Medium,ICT,3,1.0,4500
1421,Middle Badda,3,English Medium,English,6,2.0,11000
1422,Uttara,11,English Version,Physics,2,1.0,4000
1423,Middle Badda,5,English Version,Bangla,5,1.0,4500
1424,New Market,7,Bangla,General Science,4,1.0,3500
1425,Banani,2,English Version,All Subjects,3,1.0,4500
1426,Shahbag,8,Bangla,English,6,1.5,8500
1427,New Market,12,Bangla,Bangla,2,2.0,5500
1428,Mohakhali,3,Bangla,Math,5,3.0,14500
1429,Mohakhali,8,Bangla,All Subjects,2,1.5,6000
1430,Banani,3,English Medium,Bangla,2,3.0,9500
1431,Notun Bazar,2,Bangla,Physics,3,1.0,3000
1432,Gulshan,2,English Medium,All Subjects,4,2.0,13000
1433,Uttara,7,English Medium,Math,3,2.0,9000
1434,Mohakhali,5,English Version,General Science,3,3.0,11500
1435,Notun Bazar,9,English Medium,Biology,6,3.0,24500
1436,Khilkhet,2,English Version,Math,3,1.0,3000
1437,Mirpur,4,English Medium,All Subjects,3,3.0,11000
1438,Uttara,12,English Version,English,6,2.0,15500
1439,New Market,3,Bangla,English,4,2.5,9000
1440,Uttara,9,Bangla,Chemistry,3,2.0,9500
1441,New Market,9,English Version,ICT,3,2.0,9500
1442,Rampura,7,Bangla,Physics,2,2.0,5500
1443,Banani,11,English Version,English,4,1.0,6500
1444,Notun Bazar,5,Bangla,Physics,4,1.0,4000
1445,Badda,7,English Medium,English,3,3.0,12500
1446,Mirpur,10,English Version,General Science,2,3.0,9000
1447,Shahbag,5,English Version,English,2,1.5,4000
1448,Rampura,3,Bangla,All Subjects,6,3.0,16000
1449,Rampura,8,English Version,Chemistry,2,3.0,10500
1450,New Market,3,Bangla,Chemistry,2,2.0,5500
1451,Badda,11,English Version,General Science,3,2.5,11500
1452,Middle Badda,9,Bangla,ICT,6,1.5,8500
1453,Banani,5,Bangla,Biology,2,1.0,3000
1454,Badda,2,Bangla,Math,2,2.0,4000
1455,Middle Badda,1,English Medium,ICT,6,1.5,7500
1456,Mohakhali,11,English Medium,All Subjects,2,2.5,11000
1457,Badda,12,Bangla,ICT,6,2.0,12500
1458,Khilkhet,11,English Medium,All Subjects,6,1.0,9500
1459,Uttara,11,English Medium,All Subjects,3,1.5,8500
1460,Uttara,9,Bangla,Math,5,2.5,14500
1461,Notun Bazar,2,Bangla,Physics,6,1.0,4500
1462,Middle Badda,5,Bangla,Math,6,2.5,11500
1463,Mirpur,11,English Version,Math,5,3.0,19000
1464,Gulshan,6,Bangla,General Science,4,2.0,10000
1465,Gulshan,6,English Medium,Bangla,5,2.0,12500
1466,Rampura,8,Bangla,All Subjects,6,1.5,9000
1467,Middle Badda,1,Bangla,Chemistry,3,2.5,6500
1468,Mirpur,6,Bangla,Bangla,6,2.0,8000
1469,Middle Badda,11,English Version,Bangla,3,2.0,8500
1470,Gulshan,6,English Medium,Physics,2,1.5,7000
1471,Uttara,7,Bangla,Biology,2,1.5,5000
1472,Middle Badda,11,English Medium,English,5,2.5,16500
1473,New Market,12,Bangla,ICT,6,2.5,16000
1474,Banani,1,Bangla,Biology,6,1.0,6000
1475,Badda,1,English Version,Biology,5,3.0,13000
1476,Rampura,8,Bangla,General Science,2,2.5,6500
1477,Uttara,12,English Version,Physics,4,1.0,7500
1478,Khilkhet,4,English Version,ICT,3,2.5,9000
1479,Banani,12,English Version,Bangla,3,3.0,17000
1480,Uttara,4,Bangla,ICT,2,2.0,6000
1481,Uttara,7,Bangla,Physics,2,1.0,3500
1482,Mohakhali,5,English Version,Physics,3,2.0,8500
1483,Gulshan,9,Bangla,Math,4,1.0,5500
1484,Mirpur,6,English Version,Physics,4,1.0,4000
1485,Gulshan,1,English Version,Biology,3,2.0,8000
1486,Shahbag,2,Bangla,Chemistry,5,2.0,8500
1487,Banani,2,English Version,All Subjects,3,2.0,8000
1488,Notun Bazar,12,English Version,All Subjects,6,2.0,16000
1489,Mirpur,4,English Version,English,2,1.5,3500
1490,Shahbag,2,Bangla,Physics,3,2.5,8500
1491,Banani,9,English Version,Chemistry,5,1.5,12500
1492,Uttara,1,Bangla,ICT,6,2.0,10000
1493,Mohakhali,6,English Medium,General Science,2,2.5,8000
1494,Rampura,9,English Medium,All Subjects,2,1.5,6000
1495,Khilkhet,3,Bangla,Math,3,2.5,7500
1496,Mohakhali,9,English Medium,Bangla,5,3.0,19500
1497,Rampura,7,English Version,Physics,3,1.0,4000
1498,Badda,10,English Version,All Subjects,5,3.0,20500
1499,Mohakhali,5,Bangla,Physics,4,2.0,9500
1500,Uttara,4,Bangla,Physics,4,1.0,4500
1501,Mirpur,3,Bangla,Math,3,1.5,4000
1502,Gulshan,11,Bangla,Biology,4,1.0,7500
1503,Mohakhali,5,English Version,ICT,6,2.0,12500
1504,Gulshan,11,English Version,Biology,3,2.0,12000
1505,Gulshan,9,English Version,English,5,2.0,16000
1506,New Market,10,English Version,General Science,3,2.0,8000
1507,Shahbag,11,English Version,ICT,3,2.5,11500
1508,Khilkhet,7,Bangla,General Science,2,2.5,6000
1509,Uttara,3,Bangla,General Science,3,2.0,5500
1510,Uttara,3,English Version,Physics,2,1.5,4500
1511,Badda,8,English Medium,ICT,2,3.0,9500
1512,Gulshan,10,Bangla,ICT,2,1.0,4500
1513,New Market,1,Bangla,English,4,1.5,5000
1514,Shahbag,1,English Version,Math,2,3.0,7500
1515,Notun Bazar,12,Bangla,Bangla,5,3.0,18000
1516,Uttara,5,Bangla,Bangla,3,1.0,3000
1517,Mirpur,11,English Version,Math,2,1.0,3500
1518,Banani,9,English Medium,ICT,3,1.0,6500
1519,Gulshan,4,Bangla,Bangla,4,2.0,8000
1520,New Market,7,English Version,English,5,1.5,9000
1521,Badda,2,English Medium,Chemistry,4,1.0,4500
1522,Banani,6,English Medium,English,2,3.0,11000
1523,Rampura,9,Bangla,Bangla,5,1.5,7500
1524,New Market,5,English Version,Chemistry,4,1.0,4500
1525,Middle Badda,11,Bangla,Chemistry,2,1.0,3500
1526,Uttara,11,Bangla,Bangla,5,2.5,15000
1527,Middle Badda,2,Bangla,ICT,4,1.5,4500
1528,Uttara,3,English Version,Biology,4,2.5,11000
1529,Khilkhet,7,English Version,Biology,3,1.5,6000
1530,Mohakhali,8,English Version,General Science,6,3.0,22500
1531,Rampura,2,English Version,ICT,6,3.0,15000
1532,Khilkhet,4,English Version,Physics,4,1.0,4500
1533,Gulshan,6,English Version,Bangla,2,1.0,4000
1534,Notun Bazar,3,Bangla,Bangla,6,2.5,10000
1535,Badda,1,English Version,English,3,2.5,7000
1536,Khilkhet,7,Bangla,English,6,1.0,5500
1537,Shahbag,3,Bangla,Biology,3,1.0,3000
1538,Gulshan,10,English Version,ICT,3,1.5,8500
1539,Uttara,12,English Version,Chemistry,5,2.5,21500
1540,Middle Badda,11,English Version,Chemistry,2,1.5,5000
1541,New Market,1,English Version,Bangla,6,1.5,6000
1542,Rampura,11,English Medium,General Science,6,2.0,16500
1543,Mohakhali,5,English Version,ICT,3,2.0,8500
1544,Mohakhali,7,English Medium,Bangla,3,2.5,11000
1545,Badda,7,Bangla,All Subjects,6,1.0,6500
1546,Middle Badda,8,Bangla,ICT,5,1.5,6500
1547,Notun Bazar,11,Bangla,Chemistry,2,1.0,3500
1548,Shahbag,6,Bangla,Chemistry,3,3.0,10500
1549,Badda,10,Bangla,Chemistry,3,3.0,11500
1550,Gulshan,4,Bangla,Math,6,2.5,14500
1551,Notun Bazar,2,English Medium,Math,4,2.0,9000
1552,Mohakhali,4,Bangla,ICT,4,1.5,6500
1553,Banani,6,Bangla,All Subjects,2,3.0,11500
1554,Uttara,1,English Version,ICT,5,3.0,14500
1555,Gulshan,5,Bangla,General Science,2,1.0,3500
1556,Badda,4,English Version,Bangla,3,3.0,9000
1557,Khilkhet,10,English Version,Biology,5,1.5,9500
1558,Notun Bazar,10,English Medium,ICT,2,2.5,9500
1559,Shahbag,10,Bangla,Bangla,6,2.5,14000
1560,Gulshan,3,English Version,Chemistry,6,1.0,7500
1561,Middle Badda,6,Bangla,Chemistry,3,1.0,3500
1562,Notun Bazar,6,Bangla,Bangla,5,2.0,9500
1563,Mirpur,8,English Version,Bangla,2,3.0,8000
1564,Notun Bazar,5,Bangla,Bangla,5,2.0,8000
1565,Shahbag,6,Bangla,ICT,6,2.5,13500
1566,New Market,1,English Version,Math,3,3.0,8000
1567,Banani,5,Bangla,ICT,2,1.5,4500
1568,Middle Badda,11,Bangla,General Science,5,3.0,17000
1569,Middle Badda,2,Bangla,English,5,2.5,8500
1570,Notun Bazar,2,Bangla,General Science,3,2.5,6000
1571,Middle Badda,1,English Version,General Science,3,1.5,4000
1572,Gulshan,10,English Version,Math,4,2.5,19000
1573,Badda,1,Bangla,Math,5,2.0,6500
1574,Uttara,2,Bangla,Chemistry,5,1.0,4500
1575,Khilkhet,8,English Medium,All Subjects,3,2.0,9500
1576,Gulshan,2,English Medium,ICT,4,2.0,10000
1577,Notun Bazar,7,English Version,All Subjects,3,2.5,10500
1578,Khilkhet,10,Bangla,Math,6,3.0,18000
1579,Khilkhet,11,English Version,Bangla,4,2.0,9000
1580,Middle Badda,3,English Version,Biology,2,2.5,6000
1581,Khilkhet,1,English Medium,Bangla,5,3.0,11500
1582,Badda,12,English Medium,ICT,6,1.5,12500
1583,Badda,6,Bangla,Physics,6,1.0,5500
1584,Notun Bazar,1,Bangla,Chemistry,6,1.0,5000
1585,New Market,8,Bangla,Biology,4,3.0,13500
1586,Notun Bazar,2,English Medium,General Science,5,2.0,8500
1587,Shahbag,3,English Version,ICT,4,2.5,10500
1588,Khilkhet,10,English Medium,English,2,1.0,3500
1589,Gulshan,10,English Medium,English,5,3.0,28500
1590,Banani,11,Bangla,Math,4,2.5,14500
1591,Middle Badda,9,Bangla,Physics,5,1.0,5500
1592,Middle Badda,7,English Medium,ICT,2,2.0,7000
1593,Mohakhali,5,Bangla,Chemistry,4,2.5,12000
1594,Gulshan,7,Bangla,Math,3,2.0,10000
1595,Mohakhali,12,English Version,Biology,3,3.0,18500
1596,Badda,9,English Medium,Physics,6,2.5,21500
1597,Shahbag,7,Bangla,ICT,3,2.5,10000
1598,Mohakhali,3,Bangla,English,3,3.0,8500
1599,Shahbag,7,English Version,Chemistry,6,1.5,12000
1600,Badda,2,Bangla,ICT,2,3.0,6000
1601,Shahbag,12,English Version,English,6,2.5,17500
1602,Khilkhet,3,English Medium,Biology,3,1.5,6000
1603,Badda,5,Bangla,Physics,5,2.0,10000
1604,Mirpur,2,English Medium,Math,6,1.0,4500
1605,Shahbag,2,Bangla,Chemistry,4,1.5,5500
1606,Middle Badda,6,English Medium,Physics,5,1.0,6000
1607,Gulshan,7,Bangla,English,3,2.5,10500
1608,Notun Bazar,11,English Medium,Bangla,3,2.0,8500
1609,Uttara,11,English Version,Math,2,2.0,9000
1610,Middle Badda,10,English Version,Math,3,3.0,13500
1611,Banani,4,English Version,All Subjects,2,3.0,11000
1612,Uttara,4,English Medium,English,3,1.0,4000
1613,Badda,2,English Version,Bangla,4,2.0,6500
1614,Banani,6,English Version,Chemistry,5,2.5,18000
1615,Rampura,4,Bangla,Physics,4,2.5,9000
1616,Shahbag,5,Bangla,Physics,5,2.5,14000
1617,Rampura,10,English Version,Biology,6,1.0,7500
1618,Rampura,4,English Version,Biology,2,2.5,6500
1619,Gulshan,9,Bangla,ICT,4,3.0,19000
1620,New Market,9,Bangla,Math,2,1.5,5000
1621,Rampura,3,Bangla,English,3,2.0,5000
1622,Notun Bazar,2,Bangla,Math,4,1.5,5000
1623,Notun Bazar,4,English Version,ICT,4,3.0,11500
1624,Badda,2,English Version,English,6,2.5,11500
1625,Rampura,6,English Version,Physics,3,1.0,4000
1626,Middle Badda,1,English Medium,ICT,2,1.0,2500
1627,Shahbag,6,English Version,Physics,6,1.0,6500
1628,New Market,10,English Medium,General Science,4,1.5,9000
1629,Rampura,1,English Medium,All Subjects,2,2.0,5500
1630,Banani,8,Bangla,ICT,4,2.0,10500
1631,Notun Bazar,7,Bangla,Biology,5,3.0,14000
1632,Mirpur,12,English Medium,General Science,2,2.0,8000
1633,Banani,1,Bangla,Math,3,1.0,3500
1634,Khilkhet,12,Bangla,Bangla,2,1.5,5000
1635,Notun Bazar,9,English Medium,Math,4,1.0,5500
1636,Mirpur,2,Bangla,ICT,4,1.5,5000
1637,Shahbag,8,Bangla,Biology,3,3.0,13000
1638,Rampura,11,Bangla,English,6,3.0,17500
1639,Middle Badda,11,English Version,Chemistry,4,2.5,14000
1640,Mirpur,5,English Version,Biology,6,1.5,8500
1641,Khilkhet,4,English Version,English,5,1.0,4500
1642,New Market,4,English Version,ICT,3,2.5,8000
1643,Badda,10,English Version,All Subjects,4,2.0,11500
1644,New Market,3,English Version,English,3,1.5,5000
1645,Rampura,8,English Medium,All Subjects,3,2.5,11000
1646,Mirpur,7,Bangla,Chemistry,6,1.0,5000
1647,Banani,12,Bangla,Math,5,1.5,11000
1648,Middle Badda,11,English Version,Biology,4,1.0,6000
1649,Banani,6,Bangla,Bangla,5,3.0,16000
1650,Notun Bazar,1,Bangla,Biology,2,1.0,2500
1651,Khilkhet,7,Bangla,Physics,5,1.5,8500
1652,Mohakhali,10,English Version,ICT,2,1.0,4000
1653,Banani,4,Bangla,Math,6,2.0,12000
1654,Mohakhali,2,Bangla,ICT,5,2.5,10000
1655,Khilkhet,12,Bangla,Physics,3,1.5,7000
1656,Mirpur,12,English Version,Math,2,1.5,5000
1657,Khilkhet,10,English Version,Chemistry,3,1.5,7000
1658,Banani,3,Bangla,General Science,3,1.0,3500
1659,Rampura,6,Bangla,Chemistry,2,1.5,4500
1660,Gulshan,10,Bangla,General Science,6,1.0,8000
1661,Badda,8,Bangla,Math,6,2.0,12000
1662,Mohakhali,9,Bangla,Bangla,2,1.0,3000
1663,Khilkhet,6,English Version,Biology,6,2.0,13000
1664,Mirpur,6,English Version,Biology,4,2.0,9500
1665,New Market,10,English Version,Chemistry,6,1.0,7500
1666,Rampura,4,English Version,Bangla,4,2.5,8000
1667,Shahbag,12,English Version,ICT,4,1.5,9500
1668,Badda,7,English Version,Chemistry,6,2.5,18000
1669,Mohakhali,3,Bangla,Biology,4,2.5,10500
1670,Mirpur,5,Bangla,All Subjects,4,3.0,10500
1671,Middle Badda,10,English Medium,Biology,4,1.0,6500
1672,Middle Badda,11,Bangla,Bangla,6,2.0,12000
1673,New Market,3,Bangla,Chemistry,2,2.0,4500
1674,Gulshan,4,Bangla,English,2,2.5,7000
1675,Rampura,6,English Version,Math,2,2.0,5500
1676,Mirpur,9,English Version,All Subjects,3,1.0,4500
1677,Uttara,12,Bangla,English,4,1.5,7500
1678,Notun Bazar,4,English Version,ICT,5,2.5,13500
1679,Banani,5,English Medium,Chemistry,3,3.0,16500
1680,Notun Bazar,10,Bangla,Physics,4,1.5,8000
1681,Badda,5,Bangla,Chemistry,6,2.5,13500
1682,Rampura,7,Bangla,All Subjects,5,2.0,10500
1683,New Market,12,Bangla,Biology,5,2.5,15500
1684,Rampura,8,Bangla,All Subjects,2,2.5,7000
1685,Uttara,10,English Medium,Physics,6,3.0,28500
1686,Shahbag,9,English Medium,Chemistry,2,2.5,10000
1687,New Market,1,English Version,All Subjects,5,1.0,4000
1688,Mirpur,11,Bangla,English,4,3.0,13000
1689,Notun Bazar,1,Bangla,All Subjects,2,1.5,3500
1690,Mohakhali,12,English Medium,Bangla,3,1.5,7500
1691,Mirpur,12,English Medium,Math,5,3.0,21000
1692,Banani,2,Bangla,English,6,1.0,5000
1693,Banani,8,Bangla,All Subjects,5,2.5,16000
1694,Banani,5,Bangla,Bangla,3,3.0,10500
1695,Shahbag,11,Bangla,English,5,1.5,9000
1696,Uttara,3,English Version,Physics,3,3.0,12500
1697,Mohakhali,4,English Version,Chemistry,4,1.0,5500
1698,Middle Badda,6,English Version,ICT,5,1.0,5000
1699,Rampura,3,Bangla,General Science,2,3.0,6000
1700,Shahbag,5,Bangla,General Science,2,2.0,5500
1701,Middle Badda,12,English Version,Math,3,2.0,9000
1702,Mohakhali,4,Bangla,All Subjects,5,3.0,14500
1703,New Market,3,Bangla,Biology,5,1.5,6000
1704,New Market,5,English Medium,English,5,2.5,15000
1705,Shahbag,11,Bangla,All Subjects,6,2.0,14500
1706,Notun Bazar,10,English Medium,Biology,6,3.0,27000
1707,Banani,1,Bangla,Bangla,3,1.0,3000
1708,Middle Badda,11,English Version,Physics,3,1.0,5000
1709,Uttara,12,English Medium,ICT,2,1.0,5000
1710,Banani,1,English Version,English,5,2.0,10000
1711,Gulshan,3,Bangla,General Science,5,1.5,8500
1712,Shahbag,9,Bangla,Chemistry,5,2.5,16000
1713,Badda,4,English Version,ICT,6,1.5,7500
1714,Gulshan,11,English Medium,English,3,1.0,7000
1715,Gulshan,6,English Version,All Subjects,2,2.0,8000
1716,Khilkhet,12,English Version,General Science,3,1.5,7000
1717,Middle Badda,9,Bangla,All Subjects,3,1.0,4000
1718,New Market,7,English Medium,English,3,3.0,12000
1719,Banani,8,Bangla,All Subjects,4,1.0,5500
1720,Mirpur,5,Bangla,Biology,2,1.5,4000
1721,Banani,9,English Version,All Subjects,6,3.0,27500
1722,Shahbag,1,English Version,English,6,2.5,13000
1723,Mirpur,11,Bangla,Biology,5,2.0,10500
1724,Gulshan,3,Bangla,Biology,2,1.5,4500
1725,Shahbag,10,English Version,Math,4,1.0,6000
1726,Shahbag,12,English Version,English,6,2.5,21000
1727,Mirpur,12,Bangla,Math,5,3.0,15500
1728,Notun Bazar,7,English Version,Physics,2,1.0,3000
1729,Badda,9,English Version,ICT,2,3.0,9500
1730,Rampura,7,English Version,ICT,5,3.0,14500
1731,Middle Badda,2,English Medium,Biology,4,1.5,6000
1732,Gulshan,4,Bangla,Math,3,2.5,10500
1733,Mohakhali,10,Bangla,Math,3,1.0,4000
1734,Uttara,8,Bangla,Math,4,2.0,10000
1735,Badda,5,Bangla,ICT,5,1.0,4500
1736,Banani,5,English Medium,Physics,5,2.0,17000
1737,Badda,8,English Version,Biology,6,2.0,14500
1738,Badda,9,English Medium,Biology,6,3.0,21500
1739,Notun Bazar,7,English Version,General Science,4,1.0,4500
1740,Uttara,9,Bangla,All Subjects,3,1.0,4500
1741,Uttara,1,English Medium,General Science,5,1.0,4500
1742,Gulshan,5,Bangla,ICT,4,1.0,4500
1743,Shahbag,7,English Version,ICT,5,2.5,13500
1744,Badda,7,Bangla,ICT,6,1.0,5500
1745,Gulshan,9,English Version,Math,6,2.0,19500
1746,Mirpur,10,Bangla,Math,4,3.0,13000
1747,Rampura,12,English Medium,Math,2,3.0,12000
1748,Khilkhet,11,Bangla,All Subjects,5,2.5,16500
1749,Shahbag,9,Bangla,ICT,5,1.5,8000
1750,Gulshan,5,English Version,Chemistry,2,1.5,6500
1751,Mirpur,6,English Version,Math,6,2.0,10500
1752,New Market,5,English Version,Math,2,2.0,6000
1753,Notun Bazar,5,English Version,General Science,5,1.0,5000
1754,Middle Badda,1,English Medium,General Science,6,1.5,7000
1755,Shahbag,2,Bangla,All Subjects,4,1.0,4000
1756,Mirpur,5,Bangla,General Science,3,1.5,4000
1757,Uttara,10,English Version,Physics,2,1.0,4000
1758,Mohakhali,8,English Version,Math,6,1.5,10000
1759,Khilkhet,5,English Medium,Math,4,3.0,15000
1760,Shahbag,4,Bangla,English,6,2.5,11500
1761,Banani,4,Bangla,Biology,5,1.0,6000
1762,Mirpur,3,Bangla,Biology,4,2.5,9000
1763,Notun Bazar,8,English Medium,Chemistry,6,1.0,7500
1764,Gulshan,5,English Medium,Math,2,3.0,11500
1765,Notun Bazar,9,English Version,All Subjects,6,2.0,16500
1766,Rampura,10,Bangla,Bangla,5,1.0,5500
1767,Badda,10,English Version,All Subjects,5,3.0,20500
1768,Mohakhali,1,English Version,All Subjects,6,2.5,13500
1769,Badda,10,Bangla,Physics,4,1.5,8000
1770,Notun Bazar,4,English Version,English,3,2.5,8500
1771,Rampura,6,Bangla,All Subjects,6,1.0,6000
1772,New Market,8,English Version,General Science,5,1.5,8500
1773,Uttara,9,Bangla,ICT,6,1.5,10500
1774,Mirpur,6,Bangla,English,5,2.5,10000
1775,Uttara,10,English Version,Physics,3,2.5,12000
1776,Banani,7,Bangla,All Subjects,5,1.0,6500
1777,Gulshan,7,Bangla,Bangla,2,1.5,5000
1778,Mohakhali,7,English Medium,Biology,3,2.5,13000
1779,Badda,12,Bangla,Biology,4,3.0,16000
1780,Banani,12,Bangla,Biology,5,2.5,20500
1781,Khilkhet,7,Bangla,General Science,3,1.5,5500
1782,Shahbag,9,Bangla,Math,6,3.0,19000
1783,New Market,8,Bangla,General Science,3,3.0,11000
1784,Mirpur,2,Bangla,General Science,4,1.0,3000
1785,Mohakhali,10,English Version,ICT,4,2.0,11500
1786,Uttara,3,Bangla,Physics,5,3.0,14000
1787,Shahbag,6,Bangla,Chemistry,3,1.0,3500
1788,Middle Badda,8,Bangla,Bangla,4,2.0,8500
1789,Banani,4,English Version,Bangla,2,1.5,4500
1790,Mohakhali,3,Bangla,Math,6,3.0,16500
1791,Gulshan,8,English Version,Math,4,1.5,9500
1792,Shahbag,7,English Version,All Subjects,3,2.5,11000
1793,Banani,12,English Version,English,5,2.5,20000
1794,Banani,3,English Medium,English,4,1.0,5500
1795,Badda,12,Bangla,Bangla,6,2.0,11500
1796,New Market,12,English Version,English,4,1.0,5500
1797,Khilkhet,9,Bangla,All Subjects,2,1.0,3000
1798,Shahbag,7,English Medium,Physics,3,2.0,10000
1799,Middle Badda,3,English Version,Chemistry,3,1.5,5000
1800,Banani,9,English Medium,Physics,2,2.5,12000
1801,Mohakhali,10,Bangla,Bangla,2,2.5,8000
1802,Shahbag,7,English Version,Physics,4,2.5,14000
1803,Uttara,5,English Version,Chemistry,5,2.5,16000
1804,Rampura,10,Bangla,General Science,4,1.0,4000
1805,Mirpur,7,English Medium,Biology,3,2.5,9500
1806,Middle Badda,6,English Version,Biology,5,1.5,8500
1807,Middle Badda,8,English Version,Physics,2,2.0,6500
1808,Badda,7,Bangla,Biology,4,2.0,8500
1809,Middle Badda,7,Bangla,Math,4,2.5,10500
1810,Notun Bazar,11,English Version,Chemistry,5,2.5,17000
1811,Uttara,9,Bangla,English,6,3.0,19000
1812,Shahbag,9,Bangla,Math,5,1.0,6000
1813,Notun Bazar,6,English Version,All Subjects,2,1.0,3500
1814,Notun Bazar,9,Bangla,Bangla,6,2.5,15000
1815,Badda,5,English Version,Biology,4,2.5,10000
1816,Khilkhet,4,English Medium,Math,2,3.0,8500
1817,Rampura,8,Bangla,Chemistry,4,1.0,4500
1818,Khilkhet,4,Bangla,English,5,2.5,9500
1819,Khilkhet,5,English Medium,English,2,3.0,9500
1820,Khilkhet,7,Bangla,All Subjects,6,1.5,8500
1821,Shahbag,7,Bangla,Chemistry,4,2.5,12500
1822,Gulshan,5,Bangla,Physics,2,2.0,8000
1823,Shahbag,8,Bangla,ICT,2,1.5,5000
1824,Mohakhali,5,English Version,All Subjects,6,1.5,10500
1825,Middle Badda,12,Bangla,Biology,6,1.0,7000
1826,Shahbag,1,Bangla,Physics,5,2.0,8500
1827,Banani,11,Bangla,Bangla,2,1.0,4000
1828,Badda,8,English Version,English,3,2.5,9500
1829,Middle Badda,9,English Version,Physics,2,2.5,8500
1830,Mirpur,12,Bangla,Bangla,2,2.0,6000
1831,Shahbag,7,English Medium,Chemistry,3,3.0,16000
1832,Mohakhali,8,Bangla,Physics,4,2.5,14000
1833,Mohakhali,9,English Medium,English,2,2.5,10500
1834,Rampura,3,English Version,Bangla,6,1.0,4000
1835,Middle Badda,2,Bangla,ICT,5,1.5,5500
1836,Mohakhali,8,Bangla,All Subjects,5,2.5,14000
1837,Banani,7,English Medium,Chemistry,6,2.0,20000
1838,Notun Bazar,10,English Version,Bangla,4,3.0,15000
1839,Shahbag,12,Bangla,Chemistry,5,2.5,16500
1840,Notun Bazar,12,English Version,Bangla,3,3.0,13500
1841,Middle Badda,1,Bangla,Bangla,3,2.5,5000
1842,Gulshan,5,English Version,Physics,2,3.0,12000
1843,Banani,1,English Version,Bangla,2,2.0,5500
1844,Badda,6,English Version,Physics,4,2.0,10000
1845,Rampura,10,English Version,Biology,6,2.5,19500
1846,Mohakhali,9,English Version,Physics,2,3.0,11500
1847,Khilkhet,4,Bangla,Chemistry,6,1.0,5000
1848,Mohakhali,10,English Version,ICT,4,3.0,19000
1849,Shahbag,10,Bangla,General Science,3,1.5,5500
1850,Badda,4,Bangla,Bangla,3,1.5,4000
1851,Gulshan,6,Bangla,Math,3,3.0,14000
1852,Rampura,11,English Version,Chemistry,6,1.0,7500
1853,Rampura,7,English Version,General Science,4,2.0,9000
1854,Notun Bazar,9,Bangla,Physics,3,2.0,9000
1855,Rampura,9,Bangla,Chemistry,2,3.0,10500
1856,New Market,6,Bangla,Biology,5,2.0,10500
1857,Badda,10,English Version,Physics,5,2.0,12500
1858,Khilkhet,1,Bangla,Biology,6,1.5,6000
1859,Mirpur,6,Bangla,Biology,4,3.0,12500
1860,Shahbag,5,Bangla,Chemistry,5,2.5,12000
1861,Khilkhet,12,Bangla,Math,6,1.0,7500
1862,Middle Badda,10,English Version,General Science,3,2.5,10500
1863,New Market,9,English Version,Math,4,1.0,5500
1864,Khilkhet,3,English Version,Bangla,3,1.0,3000
1865,Banani,1,Bangla,Math,4,1.0,4000
1866,Mirpur,4,English Version,Math,4,2.0,8000
1867,Uttara,10,English Version,Biology,6,1.0,9000
1868,Rampura,7,English Version,Math,2,1.5,5000
1869,Mohakhali,3,English Version,English,3,2.5,8000
1870,Shahbag,4,English Version,ICT,3,1.0,3500
1871,Mohakhali,6,Bangla,General Science,6,1.0,6000
1872,Middle Badda,2,Bangla,English,3,1.0,2500
1873,Shahbag,11,English Medium,Bangla,2,1.5,6000
1874,Middle Badda,2,English Medium,Physics,4,1.5,7000
1875,Khilkhet,3,Bangla,ICT,4,1.5,5000
1876,Shahbag,6,Bangla,Physics,4,1.5,6500
1877,Mirpur,5,English Version,Chemistry,2,2.5,7000
1878,Notun Bazar,6,English Version,All Subjects,5,1.5,8000
1879,Shahbag,7,Bangla,Physics,5,2.0,12000
1880,New Market,5,Bangla,All Subjects,6,2.0,10500
1881,Badda,5,Bangla,Chemistry,2,1.0,2500
1882,New Market,3,English Version,General Science,6,2.0,10000
1883,Rampura,11,English Version,Math,4,1.0,5500
1884,Gulshan,3,Bangla,Biology,4,1.0,4500
1885,Notun Bazar,5,Bangla,All Subjects,3,1.0,3500
1886,Shahbag,8,English Version,ICT,5,2.5,16500
1887,Mirpur,12,Bangla,Biology,5,2.5,13500
1888,Badda,9,Bangla,ICT,4,3.0,13000
1889,Gulshan,3,English Version,Chemistry,6,3.0,21000
1890,Shahbag,3,Bangla,Biology,2,1.0,2500
1891,Uttara,6,English Version,Bangla,5,1.0,5500
1892,Badda,3,Bangla,English,3,1.5,4000
1893,Rampura,2,English Version,Bangla,6,2.0,7500
1894,Uttara,6,Bangla,All Subjects,5,1.5,9500
1895,New Market,7,English Version,Physics,2,2.5,8000
1896,Uttara,7,English Version,Chemistry,5,3.0,19500
1897,Banani,6,English Version,Math,3,3.0,13500
1898,Badda,6,Bangla,All Subjects,2,3.0,8500
1899,Rampura,2,English Version,Bangla,5,1.5,5000
1900,Mirpur,7,Bangla,ICT,3,2.5,7500
1901,Mirpur,7,English Version,General Science,2,2.0,6000
1902,Rampura,3,Bangla,All Subjects,2,2.5,6500
1903,Notun Bazar,11,English Version,ICT,2,1.5,5500
1904,Shahbag,9,Bangla,General Science,2,2.5,8000
1905,New Market,7,Bangla,Math,4,2.5,10000
1906,New Market,2,English Version,General Science,6,2.0,10000
1907,Khilkhet,6,English Version,Biology,2,1.5,5000
1908,Mohakhali,7,English Medium,English,3,1.0,4500
1909,Khilkhet,10,Bangla,All Subjects,6,2.5,17500
1910,Middle Badda,5,Bangla,General Science,5,2.0,7500
1911,Shahbag,11,Bangla,ICT,4,2.0,11000
1912,Gulshan,9,Bangla,Chemistry,4,2.5,15000
1913,Notun Bazar,5,English Version,English,4,1.0,4000
1914,Rampura,4,Bangla,All Subjects,2,1.5,4000
1915,New Market,8,Bangla,Chemistry,4,2.5,12500
1916,Badda,12,English Version,General Science,2,1.0,3500
1917,Gulshan,3,English Version,English,5,3.0,18500
1918,Banani,6,English Medium,Chemistry,5,2.5,18500
1919,Khilkhet,5,English Version,English,5,1.0,5000
1920,Shahbag,5,English Medium,All Subjects,6,1.5,11500
1921,Gulshan,6,English Version,Physics,5,2.0,16000
1922,Uttara,5,English Version,Math,6,2.5,17500
1923,New Market,5,Bangla,ICT,3,1.0,3500
1924,New Market,3,Bangla,General Science,6,2.0,8000
1925,Badda,1,English Version,Physics,2,3.0,7000
1926,Khilkhet,10,English Version,ICT,6,2.0,14500
1927,Middle Badda,9,Bangla,Biology,4,2.0,10000
1928,Uttara,8,English Medium,General Science,3,3.0,15000
1929,New Market,7,Bangla,Math,6,1.0,6000
1930,Mohakhali,6,Bangla,All Subjects,4,2.0,9500
1931,Notun Bazar,8,English Version,Math,3,3.0,12500
1932,Shahbag,6,English Version,ICT,2,2.0,6500
1933,Middle Badda,4,Bangla,All Subjects,3,2.5,8000
1934,Banani,2,Bangla,Physics,2,3.0,8500
1935,Uttara,12,English Medium,All Subjects,5,2.0,19000
1936,Rampura,10,Bangla,Biology,2,2.0,6500
1937,Mohakhali,7,Bangla,ICT,5,2.5,13000
1938,Middle Badda,3,English Medium,Bangla,5,2.0,8000
1939,Notun Bazar,8,English Version,English,5,3.0,17000
1940,Rampura,7,Bangla,Math,6,1.5,7500
1941,Shahbag,9,English Medium,ICT,2,2.0,8000
1942,Uttara,10,English Version,English,4,1.0,6000
1943,New Market,7,English Version,Physics,3,2.5,10500
1944,Badda,3,English Version,Physics,4,1.5,6000
1945,Gulshan,4,English Version,General Science,3,3.0,12500
1946,Badda,3,English Medium,All Subjects,2,3.0,9500
1947,Uttara,4,English Version,English,2,1.0,3000
1948,Rampura,9,English Medium,ICT,2,2.5,10000
1949,Khilkhet,9,Bangla,All Subjects,2,2.5,8500
1950,Khilkhet,1,Bangla,ICT,2,2.0,4000
1951,Mohakhali,11,English Version,ICT,2,1.0,4000
1952,Mirpur,10,English Version,English,3,2.0,7500
1953,Notun Bazar,3,English Medium,General Science,3,2.0,6500
1954,New Market,12,Bangla,General Science,3,2.0,8000
1955,Khilkhet,8,Bangla,General Science,4,3.0,12000
1956,Gulshan,3,Bangla,Chemistry,2,1.5,5500
1957,Shahbag,6,English Version,Chemistry,3,3.0,13500
1958,Middle Badda,12,Bangla,Chemistry,3,1.5,6000
1959,Mirpur,7,Bangla,Physics,2,1.5,4000
1960,Uttara,10,Bangla,Biology,6,3.0,22000
1961,Shahbag,3,English Medium,Bangla,6,3.0,16000
1962,Notun Bazar,7,English Medium,General Science,3,3.0,12500
1963,Middle Badda,7,Bangla,English,4,1.5,5500
1964,Badda,3,Bangla,English,3,2.0,5500
1965,Shahbag,11,English Medium,All Subjects,3,1.5,8500
1966,Gulshan,7,English Version,Biology,6,1.0,8500
1967,Mohakhali,12,English Version,English,2,2.5,10000
1968,Badda,4,Bangla,Bangla,3,1.5,4000
1969,Middle Badda,3,Bangla,Chemistry,6,2.0,9000
1970,Badda,12,English Version,English,3,3.0,12500
1971,Badda,4,Bangla,General Science,5,1.0,4000
1972,Gulshan,6,English Version,English,3,2.5,11000
1973,Banani,8,Bangla,All Subjects,6,1.5,12500
1974,Mirpur,10,Bangla,ICT,2,2.5,7500
1975,Badda,10,English Version,General Science,2,2.0,6500
1976,Shahbag,5,English Version,Bangla,4,3.0,12500
1977,Mirpur,11,Bangla,All Subjects,3,2.0,8000
1978,Mohakhali,9,Bangla,General Science,2,1.5,5000
1979,Notun Bazar,9,English Version,Bangla,3,1.0,4000
1980,New Market,5,Bangla,General Science,4,3.0,12000
1981,Badda,2,English Version,Physics,4,3.0,11000
1982,Mohakhali,8,Bangla,Chemistry,6,1.5,11000
1983,Uttara,6,Bangla,ICT,3,1.5,5500
1984,Uttara,6,English Medium,General Science,6,2.5,19000
1985,Mirpur,4,English Medium,General Science,4,2.0,7500
1986,Notun Bazar,12,Bangla,Biology,5,2.0,12500
1987,Rampura,7,Bangla,ICT,2,2.5,6500
1988,Uttara,8,English Version,Math,3,1.5,7000
1989,Mirpur,5,English Version,Math,4,2.5,10500
1990,Notun Bazar,9,English Version,Physics,3,3.0,14000
1991,Mirpur,2,Bangla,Bangla,4,2.5,7500
1992,Shahbag,8,English Medium,Math,5,2.5,16000
1993,Shahbag,10,Bangla,English,2,2.0,6000
1994,Notun Bazar,8,English Medium,English,5,1.5,10000
1995,Banani,6,English Medium,ICT,3,1.5,8000
1996,Shahbag,4,English Version,General Science,3,2.0,7000
1997,New Market,5,English Version,Chemistry,2,1.5,5000
1998,Banani,12,English Version,Biology,4,2.5,20000
1999,Badda,3,Bangla,Physics,5,2.0,8500
2000,New Market,12,Bangla,Math,3,1.0,4500
2001,Rampura,7,English Version,Math,6,1.0,6500
2002,Mohakhali,6,Bangla,ICT,2,3.0,9500
2003,Notun Bazar,9,English Version,Biology,2,1.0,3500
2004,Mohakhali,2,English Version,All Subjects,2,3.0,9500
2005,Shahbag,11,English Medium,English,5,2.0,14500
2006,Khilkhet,3,English Version,English,3,3.0,9000
2007,Mohakhali,12,English Version,ICT,2,2.5,10500
2008,Gulshan,10,English Version,Math,2,1.5,6500
2009,Uttara,5,English Medium,Biology,6,2.5,19500
2010,Badda,10,English Medium,Bangla,3,1.5,6000
2011,Uttara,2,Bangla,Math,3,3.0,9000
2012,Banani,6,English Medium,Physics,3,1.5,8500
2013,Rampura,5,Bangla,Physics,4,1.0,3500
2014,Middle Badda,2,English Version,ICT,2,2.5,6500
2015,Khilkhet,4,Bangla,General Science,5,2.5,9500
2016,Rampura,10,English Version,English,3,3.0,13000
2017,Khilkhet,9,Bangla,Physics,2,2.5,8500
2018,Notun Bazar,12,English Medium,ICT,3,1.5,9000
2019,Mohakhali,6,English Version,All Subjects,2,2.5,8000
2020,Rampura,7,Bangla,English,4,2.0,8500
2021,Banani,7,English Medium,Chemistry,3,1.0,6000
2022,Rampura,8,Bangla,Chemistry,4,1.0,4500
2023,Badda,3,English Version,Bangla,6,1.5,6500
2024,Middle Badda,1,Bangla,Physics,4,2.0,6500
2025,Uttara,7,Bangla,All Subjects,3,1.5,6000
2026,Banani,3,Bangla,Physics,4,2.5,12500
2027,Mirpur,10,Bangla,Math,4,1.0,4500
2028,Gulshan,12,English Medium,ICT,2,3.0,16000
2029,Shahbag,12,English Version,Bangla,2,1.0,3500
2030,Badda,2,Bangla,English,2,2.5,5000
2031,Rampura,9,Bangla,Math,4,2.5,11000
2032,Mirpur,3,Bangla,All Subjects,4,3.0,10500
2033,Banani,8,English Version,Physics,3,1.5,8500
2034,Uttara,4,English Version,English,5,2.0,11000
2035,Banani,4,Bangla,Bangla,4,2.0,8500
2036,Middle Badda,11,English Version,All Subjects,6,2.0,16500
2037,Uttara,6,Bangla,Bangla,6,1.0,5500
2038,Rampura,11,Bangla,Physics,3,1.0,4000
2039,Gulshan,4,Bangla,Biology,2,3.0,10000
2040,Notun Bazar,4,English Version,ICT,5,1.5,7000
2041,Mirpur,9,Bangla,Chemistry,6,2.0,12000
2042,Uttara,5,Bangla,General Science,6,2.5,14000
2043,New Market,6,English Version,Chemistry,2,2.0,6500
2044,Gulshan,9,Bangla,Physics,5,1.0,7000
2045,Khilkhet,5,Bangla,Biology,4,2.5,10000
2046,Banani,9,Bangla,All Subjects,3,1.5,8500
2047,Badda,1,Bangla,Biology,6,3.0,13500
2048,Shahbag,9,English Version,All Subjects,4,3.0,17000
2049,Mohakhali,3,Bangla,English,3,3.0,8500
2050,Khilkhet,3,English Version,ICT,3,2.0,6000
2051,Rampura,5,Bangla,All Subjects,5,2.5,11500
2052,Uttara,12,English Medium,Math,2,2.0,10000
2053,New Market,5,Bangla,English,2,2.5,5500
2054,Middle Badda,3,English Version,Physics,5,1.5,7500
2055,Rampura,10,Bangla,Biology,2,1.5,5000
2056,Mirpur,3,English Medium,English,6,1.5,7000
2057,Uttara,11,Bangla,Biology,2,1.0,4000
2058,Mohakhali,2,English Version,General Science,3,2.5,8000
2059,Banani,9,English Version,General Science,3,1.0,5500
2060,Khilkhet,6,English Medium,Math,5,2.0,11000
2061,Middle Badda,7,English Version,General Science,4,1.5,6500
2062,Banani,12,English Version,Biology,3,2.5,17000
2063,Rampura,7,Bangla,English,4,2.0,8500
2064,New Market,9,Bangla,Chemistry,4,1.0,4500
2065,Khilkhet,8,Bangla,General Science,3,3.0,10500
2066,Mirpur,2,English Medium,General Science,6,3.0,15500
2067,Rampura,10,English Version,ICT,2,3.0,9500
2068,New Market,2,English Version,English,3,2.0,6000
2069,Khilkhet,10,Bangla,ICT,2,2.0,6500
2070,Middle Badda,8,English Version,All Subjects,2,2.5,9000
2071,New Market,12,English Version,Math,3,3.0,13500
2072,New Market,6,Bangla,ICT,2,2.5,7000
2073,Mirpur,6,English Version,Biology,4,1.5,6000
2074,Gulshan,6,English Version,Chemistry,3,1.5,8000
2075,Mohakhali,11,Bangla,ICT,4,1.5,9000
2076,Banani,6,Bangla,All Subjects,3,2.0,10000
2077,Banani,12,Bangla,ICT,4,3.0,19500
2078,Uttara,7,Bangla,General Science,4,2.0,9500
2079,Notun Bazar,3,English Medium,Biology,2,1.0,3000
2080,Mirpur,9,English Version,All Subjects,4,3.0,15500
2081,Rampura,10,English Version,Physics,2,1.0,4000
2082,New Market,7,English Medium,Bangla,4,3.0,14000
2083,Uttara,7,Bangla,Chemistry,6,3.0,22500
2084,Notun Bazar,4,Bangla,Math,3,3.0,8500
2085,Mirpur,1,English Version,Physics,3,1.5,4500
2086,Badda,3,Bangla,Physics,2,3.0,7000
2087,Middle Badda,7,English Version,Physics,5,1.5,9500
2088,Shahbag,7,English Version,ICT,4,2.0,10500
2089,Mirpur,7,Bangla,Physics,4,3.0,12000
2090,Khilkhet,3,Bangla,Physics,6,3.0,14500
2091,Mohakhali,12,English Version,Biology,2,3.0,12500
2092,Notun Bazar,12,English Version,All Subjects,3,2.5,12500
2093,Gulshan,8,English Version,General Science,6,2.5,19000
2094,Uttara,1,English Version,All Subjects,2,2.0,5500
2095,Khilkhet,3,Bangla,Biology,2,2.0,5000
2096,Khilkhet,1,English Version,General Science,5,1.5,6500
2097,Badda,11,English Version,All Subjects,4,2.0,11000
2098,Mohakhali,7,Bangla,All Subjects,6,2.0,14500
2099,Shahbag,1,English Version,Biology,6,1.0,5500
2100,Banani,10,Bangla,ICT,3,1.5,7000
2101,Shahbag,3,English Version,Math,5,1.0,4500
2102,Banani,7,English Version,ICT,5,2.5,18000
2103,Uttara,6,Bangla,Chemistry,4,1.5,7500
2104,Mirpur,8,Bangla,Chemistry,5,1.5,7500
2105,New Market,11,Bangla,General Science,2,3.0,9000
2106,Shahbag,1,English Medium,Math,4,1.0,4000
2107,Mohakhali,1,Bangla,ICT,4,1.0,3500
2108,Shahbag,10,Bangla,English,3,1.5,6000
2109,Middle Badda,3,English Version,Biology,2,1.5,4000
2110,Shahbag,3,English Medium,Bangla,6,1.5,9000
2111,Middle Badda,1,English Version,All Subjects,2,2.0,5000
2112,Banani,6,English Version,All Subjects,3,1.0,5000
2113,Shahbag,3,English Medium,Biology,5,3.0,18000
2114,Middle Badda,2,English Version,English,4,1.5,5000
2115,Badda,8,Bangla,ICT,2,2.0,5000
2116,Middle Badda,11,English Version,English,6,1.0,7000
2117,Notun Bazar,9,English Version,All Subjects,6,2.5,20000
2118,New Market,4,Bangla,Bangla,5,1.5,5500
2119,New Market,7,Bangla,ICT,2,2.5,6500
2120,Banani,6,English Version,ICT,4,2.5,15500
2121,Mirpur,11,English Version,All Subjects,2,1.5,6000
2122,Mirpur,10,English Version,All Subjects,3,2.0,9000
2123,Mohakhali,1,Bangla,Chemistry,5,1.5,6500
2124,Mohakhali,1,English Version,ICT,6,3.0,16500
2125,Mohakhali,6,English Version,Math,3,1.0,4000
2126,Uttara,4,English Version,English,3,2.5,8500
2127,New Market,10,Bangla,ICT,3,1.0,4500
2128,Gulshan,4,English Version,Biology,3,2.5,12500
2129,Notun Bazar,7,Bangla,Bangla,6,1.5,8000
2130,Mirpur,7,English Version,Chemistry,3,2.0,7500
2131,Gulshan,7,English Version,ICT,4,1.5,10000
2132,Middle Badda,5,English Version,ICT,2,2.5,6500
2133,Khilkhet,4,Bangla,English,2,1.5,4000
2134,Middle Badda,2,Bangla,Biology,3,2.0,6000
2135,Khilkhet,12,Bangla,All Subjects,4,2.0,12000
2136,Mirpur,2,English Version,ICT,3,1.0,3000
2137,Middle Badda,4,Bangla,Math,5,2.5,9500
2138,Badda,1,English Version,Bangla,2,1.0,2500
2139,Shahbag,6,Bangla,Bangla,5,3.0,14500
2140,New Market,9,English Version,Physics,3,2.0,8500
2141,Gulshan,3,Bangla,Chemistry,3,2.0,8000
2142,New Market,1,Bangla,Bangla,4,3.0,8000
2143,Uttara,11,Bangla,General Science,2,2.5,8000
2144,Badda,10,English Version,All Subjects,3,1.5,7000
2145,Notun Bazar,1,Bangla,English,5,3.0,10500
2146,Shahbag,12,Bangla,Biology,4,1.0,5500
2147,Banani,11,Bangla,ICT,2,3.0,11500
2148,Rampura,10,Bangla,Physics,2,3.0,10000
2149,Gulshan,11,English Version,General Science,6,2.5,22000
2150,Shahbag,7,Bangla,Physics,5,3.0,16500
2151,New Market,8,English Version,Bangla,5,3.0,17000
2152,Badda,3,Bangla,Bangla,5,2.0,7500
2153,Notun Bazar,12,Bangla,Chemistry,3,1.0,4500
2154,Khilkhet,9,English Medium,ICT,3,2.0,9000
2155,Rampura,7,English Medium,General Science,5,2.5,15500
2156,Middle Badda,6,Bangla,ICT,3,3.0,9000
2157,Badda,12,Bangla,Physics,6,2.0,15500
2158,Mohakhali,7,Bangla,Chemistry,3,2.5,10000
2159,Banani,9,English Version,Chemistry,6,2.5,21500
2160,Badda,6,English Version,Bangla,5,3.0,13500
2161,Middle Badda,1,English Version,ICT,6,1.5,6500
2162,Khilkhet,11,English Version,Bangla,5,3.0,19000
2163,Badda,3,Bangla,General Science,3,1.5,4000
2164,Middle Badda,6,English Version,All Subjects,2,1.0,3500
2165,Banani,1,Bangla,Math,4,1.0,4000
2166,Notun Bazar,4,English Version,Physics,4,1.0,4500
2167,Notun Bazar,10,English Medium,General Science,5,2.0,14000
2168,Mirpur,5,Bangla,All Subjects,3,1.5,4500
2169,Banani,9,English Medium,ICT,3,3.0,18000
2170,Middle Badda,12,English Medium,Physics,2,1.5,7000
2171,Banani,1,Bangla,ICT,5,2.5,11500
2172,Gulshan,10,English Version,Biology,5,3.0,26000
2173,Middle Badda,1,English Medium,Biology,4,1.0,4000
2174,Banani,3,Bangla,Chemistry,5,1.5,8000
2175,New Market,4,English Medium,Biology,4,1.0,4500
2176,Middle Badda,1,English Version,ICT,3,2.0,6000
2177,Badda,9,Bangla,All Subjects,2,2.5,7500
2178,Uttara,1,English Version,Chemistry,4,2.5,11500
2179,Notun Bazar,1,Bangla,General Science,2,2.0,4000
2180,Uttara,10,Bangla,Math,4,2.5,12500
2181,Middle Badda,7,Bangla,Chemistry,5,2.0,10000
2182,Mohakhali,7,Bangla,Biology,3,2.0,8500
2183,Mohakhali,4,English Version,Chemistry,2,2.5,9000
2184,Banani,11,English Medium,All Subjects,2,1.0,6000
2185,Banani,4,Bangla,Biology,2,1.5,5000
2186,Badda,2,English Medium,Math,2,2.0,5500
2187,Shahbag,2,Bangla,General Science,4,1.0,3500
2188,Gulshan,12,Bangla,English,3,1.0,5500
2189,Banani,1,Bangla,Physics,3,1.0,3500
2190,Rampura,6,English Version,Physics,5,1.5,8500
2191,Middle Badda,10,English Version,General Science,4,3.0,15500
2192,Gulshan,8,Bangla,Math,2,1.5,6000
2193,Mirpur,3,English Medium,Physics,2,1.0,2500
2194,Notun Bazar,4,Bangla,Chemistry,6,2.5,13500
2195,Mirpur,4,Bangla,Biology,3,3.0,8000
2196,New Market,5,Bangla,Bangla,2,1.0,2500
2197,Notun Bazar,12,Bangla,ICT,2,2.5,7500
2198,Khilkhet,11,Bangla,Biology,6,1.0,7000
2199,Khilkhet,6,English Version,General Science,4,2.5,10500
2200,Middle Badda,6,English Version,Physics,3,3.0,11000
2201,Khilkhet,6,Bangla,General Science,4,2.5,9500
2202,Middle Badda,8,Bangla,ICT,5,1.0,5500
2203,Notun Bazar,7,English Medium,Bangla,5,2.0,10000
2204,New Market,3,Bangla,Bangla,3,1.0,2500
2205,Middle Badda,3,Bangla,Physics,2,2.5,6000
2206,Mirpur,9,Bangla,Physics,5,3.0,16500
2207,Rampura,7,English Medium,Bangla,5,1.0,5000
2208,Banani,2,English Medium,General Science,6,2.0,12500
2209,Mohakhali,8,English Version,ICT,5,1.0,7000
2210,New Market,3,Bangla,Chemistry,6,2.5,13000
2211,Shahbag,3,English Version,Biology,4,1.5,6500
2212,Middle Badda,2,Bangla,Biology,5,1.5,5500
2213,Notun Bazar,12,Bangla,Biology,5,2.0,13000
2214,Shahbag,6,English Version,Bangla,4,3.0,14000
2215,Badda,12,English Version,Physics,3,2.5,12500
2216,Gulshan,6,English Version,English,5,1.5,10000
2217,Banani,9,English Version,Chemistry,2,2.5,11500
2218,Badda,5,English Version,Biology,2,2.5,7000
2219,New Market,1,Bangla,General Science,6,1.5,6500
2220,Notun Bazar,8,English Medium,All Subjects,3,1.5,8500
2221,Shahbag,10,Bangla,Math,3,3.0,13500
2222,Mirpur,4,English Version,ICT,2,2.0,4500
2223,Uttara,5,Bangla,ICT,2,2.0,5500
2224,Uttara,8,English Version,All Subjects,3,3.0,14500
2225,Notun Bazar,2,English Medium,General Science,4,1.5,6000
2226,Middle Badda,5,Bangla,Bangla,4,1.0,3000
2227,Notun Bazar,9,English Version,Bangla,4,2.5,12000
2228,New Market,7,English Version,ICT,3,2.0,8000
2229,Gulshan,11,Bangla,Math,6,1.0,9000
2230,Khilkhet,3,English Version,English,3,1.5,4500
2231,Uttara,12,Bangla,Biology,4,2.0,11000
2232,Notun Bazar,2,English Version,All Subjects,2,3.0,8000
2233,Rampura,12,Bangla,English,3,2.5,9000
2234,Mirpur,4,Bangla,All Subjects,2,1.0,2500
2235,Khilkhet,4,English Version,Math,3,1.5,5500
2236,Uttara,9,Bangla,ICT,5,1.0,6000
2237,Mirpur,8,Bangla,ICT,6,1.0,5000
2238,Shahbag,1,Bangla,General Science,2,2.0,4500
2239,Shahbag,6,English Version,Bangla,5,1.5,7000
2240,Gulshan,11,English Version,Chemistry,4,3.0,23500
2241,Rampura,3,English Version,Chemistry,4,1.5,6000
2242,Mirpur,7,Bangla,Chemistry,5,1.0,5000
2243,New Market,11,English Version,ICT,3,1.5,6500
2244,Rampura,2,English Version,Physics,3,3.0,10000
2245,Mirpur,12,English Version,Chemistry,4,2.5,13000
2246,New Market,4,English Version,Chemistry,3,3.0,10000
2247,Gulshan,4,English Version,Biology,3,2.5,12500
2248,Rampura,12,Bangla,ICT,6,1.5,10500
2249,Middle Badda,9,English Version,Physics,2,3.0,10000
2250,Gulshan,1,English Version,Math,4,1.0,4500
2251,Rampura,12,English Version,Bangla,2,1.0,3000
2252,New Market,4,English Medium,Biology,2,2.0,6500
2253,Gulshan,5,English Version,English,4,1.5,7500
2254,Badda,2,English Medium,Math,5,1.5,6500
2255,Banani,12,Bangla,All Subjects,4,2.0,13000
2256,Shahbag,8,Bangla,Bangla,3,1.0,3500
2257,Rampura,1,Bangla,ICT,5,2.5,8000
2258,Gulshan,10,English Medium,English,4,2.0,15500
2259,Badda,5,Bangla,Chemistry,3,1.5,5000
2260,Gulshan,11,Bangla,ICT,6,2.5,23000
2261,Khilkhet,12,Bangla,Biology,2,3.0,10500
2262,Middle Badda,9,Bangla,Biology,6,3.0,17000
2263,Khilkhet,11,Bangla,Bangla,6,2.5,15000
2264,Notun Bazar,5,Bangla,General Science,6,2.5,12000
2265,Rampura,2,English Version,Bangla,4,2.0,6500
2266,Middle Badda,9,English Medium,Bangla,2,2.0,6500
2267,New Market,3,English Version,All Subjects,3,3.0,10000
2268,Badda,12,Bangla,ICT,2,3.0,10000
2269,Mohakhali,2,English Version,Chemistry,6,1.5,9500
2270,New Market,12,English Version,General Science,2,2.0,7500
2271,Notun Bazar,9,English Medium,All Subjects,5,1.5,11500
2272,Khilkhet,7,English Version,English,3,2.5,9000
2273,Khilkhet,4,English Version,All Subjects,2,2.5,7000
2274,Banani,12,English Medium,Physics,5,2.0,22000
2275,Mohakhali,11,Bangla,Physics,2,1.0,3500
2276,Banani,4,Bangla,English,2,2.0,5500
2277,Banani,7,English Medium,ICT,2,3.0,12500
2278,Rampura,6,Bangla,ICT,6,3.0,17000
2279,New Market,10,English Version,General Science,2,2.5,8000
2280,Gulshan,5,English Version,ICT,6,1.0,7500
2281,Shahbag,10,English Medium,General Science,2,2.5,9000
2282,Middle Badda,2,English Version,All Subjects,2,1.0,2500
2283,Khilkhet,11,English Medium,General Science,5,2.0,13000
2284,Middle Badda,1,Bangla,All Subjects,5,1.5,6000
2285,Banani,1,English Version,Math,6,2.5,13500
2286,Uttara,8,Bangla,ICT,6,1.0,6000
2287,Banani,12,English Version,Bangla,5,2.0,16500
2288,Gulshan,5,English Version,ICT,2,1.5,6000
2289,Banani,4,English Version,Physics,2,2.5,10000
2290,New Market,3,English Version,Math,4,1.5,5500
2291,New Market,10,English Version,Physics,5,1.0,6500
2292,Uttara,3,English Version,Math,5,2.5,12500
2293,Khilkhet,7,Bangla,All Subjects,4,3.0,13000
2294,Middle Badda,1,Bangla,All Subjects,5,1.0,3500
2295,Mirpur,11,Bangla,ICT,6,1.5,10000
2296,Uttara,2,Bangla,English,6,1.5,7000
2297,Middle Badda,11,English Medium,Biology,6,2.0,16500
2298,New Market,3,English Version,English,6,1.0,5000
2299,Uttara,5,Bangla,ICT,2,2.0,5000
2300,Gulshan,2,English Version,Chemistry,6,3.0,19000
2301,Uttara,6,English Medium,General Science,3,1.5,7000
2302,Middle Badda,8,Bangla,Bangla,5,3.0,14000
2303,Mohakhali,2,Bangla,Bangla,6,1.5,7000
2304,Banani,8,English Version,English,6,1.5,11500
2305,Rampura,11,Bangla,Physics,4,2.5,12000
2306,Rampura,1,English Medium,ICT,2,1.5,4000
2307,Notun Bazar,7,Bangla,Physics,3,2.5,10000
2308,Mohakhali,7,English Version,Bangla,3,3.0,12000
2309,Middle Badda,2,Bangla,Math,5,1.0,3500
2310,Khilkhet,3,English Version,Math,4,2.0,7500
2311,Middle Badda,11,English Version,Biology,4,3.0,17000
2312,Mirpur,8,English Version,ICT,6,3.0,19500
2313,Shahbag,10,English Version,Bangla,5,2.0,11000
2314,Middle Badda,6,English Version,English,4,2.0,9000
2315,Mirpur,10,English Version,Biology,4,1.5,7500
2316,Notun Bazar,5,Bangla,Biology,6,2.5,13000
2317,Shahbag,7,English Version,Physics,6,1.5,11500
2318,Khilkhet,5,Bangla,Biology,6,3.0,16000
2319,Middle Badda,10,English Version,English,4,1.5,7000
2320,New Market,6,Bangla,General Science,4,1.5,5500
2321,Khilkhet,5,English Medium,General Science,6,2.0,11500
2322,Shahbag,2,Bangla,ICT,6,2.5,10500
2323,Badda,5,English Medium,General Science,6,3.0,19000
2324,Mohakhali,10,Bangla,Chemistry,2,2.5,10000
2325,Middle Badda,10,Bangla,ICT,5,2.0,10000
2326,Uttara,2,Bangla,Math,2,1.0,2500
2327,Mohakhali,9,Bangla,English,5,1.5,7500
2328,New Market,10,Bangla,English,4,3.0,14500
2329,Mirpur,7,Bangla,Physics,6,3.0,17000
2330,Mirpur,9,Bangla,Physics,3,1.0,4000
2331,Notun Bazar,4,Bangla,ICT,3,3.0,9500
2332,Uttara,2,English Version,Chemistry,5,1.0,5000
2333,Rampura,4,Bangla,Bangla,3,1.5,4000
2334,Gulshan,4,English Version,ICT,6,3.0,23000
2335,Middle Badda,4,Bangla,English,5,2.5,9500
2336,Khilkhet,7,English Medium,ICT,2,3.0,11000
2337,Badda,11,English Version,All Subjects,4,2.0,10500
2338,Mohakhali,10,Bangla,General Science,6,1.5,10000
2339,Khilkhet,2,English Version,ICT,3,2.5,7500
2340,Notun Bazar,6,Bangla,Physics,4,1.5,6500
2341,Middle Badda,1,English Version,Physics,2,2.5,6500
2342,Gulshan,7,English Version,Biology,5,1.0,7500
2343,Khilkhet,8,English Medium,English,5,2.0,12000
2344,Mirpur,6,English Medium,Chemistry,5,1.5,8000
2345,Shahbag,11,English Version,All Subjects,3,1.0,6000
2346,Notun Bazar,1,English Version,English,3,1.0,3000
2347,Mohakhali,1,Bangla,All Subjects,4,2.5,9000
2348,Uttara,7,Bangla,Bangla,3,2.5,8500
2349,Mohakhali,2,Bangla,English,6,1.0,4500
2350,Khilkhet,3,Bangla,General Science,5,1.5,5500
2351,Badda,10,English Version,English,2,2.0,7000
2352,Uttara,9,Bangla,General Science,6,2.0,13500
2353,Uttara,9,English Medium,Physics,2,2.0,10000
2354,Mirpur,9,English Version,All Subjects,6,1.0,6500
2355,Uttara,1,English Version,Bangla,3,3.0,9500
2356,Shahbag,5,English Version,General Science,3,1.0,4000
2357,Uttara,11,English Version,Math,2,2.5,9500
2358,Mirpur,8,English Version,General Science,5,3.0,15000
2359,Rampura,9,English Version,All Subjects,4,3.0,16500
2360,Khilkhet,7,English Version,All Subjects,5,1.5,9000
2361,Middle Badda,3,English Version,Physics,2,3.0,9000
2362,Mirpur,2,English Version,ICT,5,2.5,9500
2363,Gulshan,6,English Version,Math,3,2.5,13000
2364,Uttara,8,English Medium,Bangla,4,2.5,13000
2365,Gulshan,4,English Medium,Chemistry,5,2.5,19000
2366,Middle Badda,6,English Medium,General Science,3,2.5,10500
2367,Badda,3,English Medium,English,4,2.0,7000
2368,Middle Badda,7,English Medium,ICT,2,3.0,9500
2369,Mohakhali,9,English Version,General Science,2,2.0,7000
2370,Mirpur,9,Bangla,English,3,3.0,9500
2371,Gulshan,9,Bangla,All Subjects,4,1.0,6500
2372,Notun Bazar,10,English Version,Biology,4,2.0,10500
2373,Mohakhali,10,Bangla,General Science,5,2.5,15500
2374,Gulshan,11,English Version,All Subjects,2,1.5,8500
2375,Rampura,6,English Version,General Science,4,1.5,5500
2376,Badda,2,English Version,Chemistry,5,1.5,6000
2377,Mirpur,1,English Medium,Physics,5,3.0,13000
2378,Uttara,7,English Version,Chemistry,3,1.0,5000
2379,Uttara,1,Bangla,General Science,2,1.5,3000
2380,Uttara,11,English Version,English,5,2.0,14000
2381,Notun Bazar,8,English Medium,Chemistry,6,3.0,24500
2382,Khilkhet,6,English Version,Biology,6,1.5,10000
2383,Khilkhet,10,English Version,Chemistry,6,1.5,11000
2384,Gulshan,7,English Version,Biology,6,2.0,17500
2385,Khilkhet,7,Bangla,Chemistry,4,1.0,5000
2386,Mohakhali,4,English Version,Physics,3,2.5,11000
2387,Banani,12,English Version,Biology,5,2.5,22000
2388,Notun Bazar,5,Bangla,Bangla,6,2.5,13000
2389,New Market,2,English Version,Math,5,2.5,11500
2390,Uttara,7,English Version,Math,4,2.0,9500
2391,Badda,8,English Medium,General Science,5,3.0,16500
2392,Rampura,4,Bangla,Bangla,4,1.5,5000
2393,Shahbag,7,English Medium,English,2,1.0,3500
2394,Gulshan,3,English Version,General Science,2,1.5,5500
2395,Gulshan,8,Bangla,Bangla,4,2.0,11000
2396,Khilkhet,6,English Version,English,2,1.5,4500
2397,Notun Bazar,2,Bangla,English,2,3.0,5500
2398,Badda,3,English Medium,General Science,2,2.0,5500
2399,Shahbag,9,Bangla,Chemistry,3,1.0,4500
2400,Mirpur,3,English Version,All Subjects,2,2.5,6500
2401,Khilkhet,5,Bangla,Biology,3,2.5,9000
2402,Notun Bazar,9,Bangla,ICT,5,1.5,8500
2403,Mirpur,11,Bangla,Physics,5,1.5,9000
2404,Gulshan,2,Bangla,English,3,1.0,4000
2405,Uttara,3,English Version,Chemistry,4,2.0,9500
2406,Khilkhet,8,Bangla,English,6,3.0,16500
2407,Khilkhet,4,English Medium,Math,4,1.5,7000
2408,Notun Bazar,2,Bangla,Chemistry,5,1.5,7000
2409,Middle Badda,11,English Medium,Biology,5,1.5,11500
2410,Khilkhet,12,Bangla,Biology,6,1.5,10000
2411,Uttara,5,Bangla,General Science,4,1.5,5500
2412,Uttara,4,English Version,General Science,4,1.5,7000
2413,Rampura,1,English Version,Biology,4,3.0,10000
2414,Gulshan,2,English Version,All Subjects,3,1.5,6000
2415,New Market,11,English Medium,All Subjects,4,3.0,20000
2416,Mohakhali,10,English Version,Physics,5,1.0,7500
2417,Khilkhet,10,English Version,All Subjects,5,1.0,6500
2418,Gulshan,7,English Version,English,5,2.5,18500
2419,Shahbag,10,Bangla,Biology,6,1.5,10500
2420,Mirpur,11,English Medium,Physics,6,2.0,16000
2421,Gulshan,9,Bangla,Physics,5,1.5,11500
2422,Rampura,1,English Medium,Chemistry,6,3.0,18000
2423,Gulshan,9,English Medium,Chemistry,6,1.0,11000
2424,Shahbag,4,English Version,All Subjects,4,1.0,5000
2425,Rampura,9,English Version,Bangla,6,1.5,8000
2426,Rampura,2,Bangla,Physics,5,1.0,3500
2427,Khilkhet,12,Bangla,Chemistry,4,2.5,13000
2428,Rampura,4,English Version,Biology,2,2.0,5000
2429,Mohakhali,12,English Version,English,2,1.5,6500
2430,Gulshan,4,Bangla,Chemistry,3,1.0,4500
2431,Notun Bazar,2,English Version,All Subjects,5,3.0,13000
2432,New Market,10,Bangla,English,4,1.0,4500
2433,Rampura,4,English Version,Chemistry,2,3.0,9000
2434,Banani,2,Bangla,Biology,3,3.0,11500
2435,Mohakhali,4,English Version,Biology,2,2.0,6500
2436,Rampura,2,English Version,ICT,3,1.5,4000
2437,New Market,8,English Version,English,3,2.5,10000
2438,Middle Badda,7,Bangla,Biology,3,1.0,3000
2439,Badda,1,English Version,Math,4,2.0,6500
2440,Gulshan,6,English Medium,English,3,1.0,5500
2441,Mohakhali,2,English Version,General Science,5,3.0,15000
2442,Khilkhet,6,Bangla,Math,4,1.5,6000
2443,Rampura,5,Bangla,English,2,2.0,5000
2444,Uttara,12,Bangla,ICT,3,2.0,9000
2445,Rampura,2,English Medium,Biology,2,2.5,6500
2446,Mirpur,7,Bangla,Chemistry,4,1.5,6500
2447,Uttara,9,English Version,English,4,1.0,5000
2448,Mirpur,6,Bangla,English,3,3.0,8000
2449,Banani,4,Bangla,Chemistry,6,3.0,22000
2450,Banani,12,English Version,All Subjects,4,3.0,24500
2451,Banani,7,English Version,Math,4,2.5,13500
2452,Notun Bazar,5,English Version,Bangla,2,1.0,3000
2453,Shahbag,1,Bangla,General Science,2,2.5,5500
2454,Rampura,9,Bangla,Bangla,6,3.0,17500
2455,Badda,2,Bangla,Bangla,6,1.0,4000
2456,Gulshan,8,Bangla,Bangla,3,3.0,12500
2457,Rampura,1,English Version,Chemistry,6,1.5,7500
2458,Badda,1,Bangla,ICT,3,3.0,7000
2459,Uttara,7,English Medium,ICT,6,2.0,15000
2460,Shahbag,2,English Version,Chemistry,6,2.5,13000
2461,Banani,7,English Version,Chemistry,3,3.0,15000
2462,New Market,10,Bangla,Physics,3,1.0,4000
2463,Badda,12,Bangla,English,5,1.5,9000
2464,Mirpur,2,English Version,Physics,2,1.0,2500
2465,Notun Bazar,4,Bangla,Bangla,2,2.0,4500
2466,Rampura,7,English Version,Chemistry,5,1.5,9500
2467,Uttara,4,Bangla,Physics,3,2.5,9000
2468,Mirpur,7,Bangla,Math,5,2.5,10500
2469,Gulshan,12,English Version,Chemistry,3,2.5,16000
2470,Mirpur,3,Bangla,Bangla,5,1.0,3500
2471,Mohakhali,2,English Version,Biology,4,1.5,6500
2472,Khilkhet,5,English Version,ICT,4,1.5,6500
2473,Middle Badda,3,Bangla,Physics,5,2.5,10000
2474,Mohakhali,9,English Version,Bangla,2,2.0,7000
2475,Mohakhali,5,English Version,Chemistry,6,2.0,14500
2476,Gulshan,2,English Version,English,3,2.0,7500
2477,Badda,11,English Medium,All Subjects,3,2.5,15000
2478,Gulshan,3,English Medium,Biology,6,2.5,20500
2479,Gulshan,8,Bangla,English,4,2.5,13000
2480,Mirpur,10,Bangla,ICT,6,3.0,17500
2481,Banani,7,English Version,Physics,3,2.0,10000
2482,Notun Bazar,6,English Version,Physics,6,2.0,13500
2483,Rampura,9,Bangla,English,2,3.0,9000
2484,Badda,7,English Medium,Physics,5,2.5,16500
2485,Khilkhet,2,Bangla,All Subjects,5,1.5,6000
2486,Badda,4,Bangla,Math,4,1.0,4000
2487,Rampura,2,English Medium,General Science,3,1.0,3000
2488,Badda,10,Bangla,Chemistry,6,3.0,21000
2489,Badda,1,English Version,Chemistry,6,1.5,7500
2490,Khilkhet,12,Bangla,General Science,3,2.5,11000
2491,Banani,2,English Version,Physics,6,2.0,12500
2492,Khilkhet,6,English Medium,General Science,6,1.5,9000
2493,Banani,11,English Version,Chemistry,3,1.5,10000
2494,Badda,12,Bangla,Bangla,3,1.5,5000
2495,Mirpur,8,Bangla,General Science,3,3.0,9000
2496,Banani,12,English Medium,Physics,4,2.0,19000
2497,Rampura,3,English Version,Bangla,5,2.5,9000
2498,Notun Bazar,1,English Version,ICT,2,1.0,2500
2499,Badda,2,Bangla,English,5,1.5,5500
2500,Uttara,5,English Version,All Subjects,6,3.0,23000
2501,Shahbag,6,English Medium,Bangla,6,3.0,20000
2502,Badda,8,Bangla,General Science,4,2.0,7500
2503,Badda,12,English Version,Math,3,2.5,11000
2504,Mohakhali,8,English Medium,English,3,1.0,4500
2505,Khilkhet,9,English Medium,English,6,2.5,18000
2506,New Market,10,English Version,Bangla,2,3.0,9000
2507,Badda,3,Bangla,Math,6,3.0,13500
2508,Banani,4,English Version,English,4,3.0,15000
2509,Mirpur,5,Bangla,Bangla,3,1.0,2500
2510,Badda,3,English Version,Physics,2,3.0,7500
2511,Middle Badda,2,Bangla,All Subjects,2,2.0,4500
2512,New Market,5,English Medium,Biology,2,1.0,3500
2513,Gulshan,11,English Version,Math,2,2.0,9000
2514,Khilkhet,11,English Version,English,3,2.5,12000
2515,Banani,8,English Version,All Subjects,4,1.0,7000
2516,Khilkhet,10,Bangla,Bangla,4,2.0,8500
2517,Banani,9,English Version,Chemistry,4,1.5,10000
2518,Uttara,10,English Version,All Subjects,5,2.0,15000
2519,Banani,3,Bangla,Chemistry,6,3.0,20500
2520,Notun Bazar,7,English Version,All Subjects,5,2.5,14000
2521,Shahbag,1,Bangla,Chemistry,3,2.5,7500
2522,Notun Bazar,2,Bangla,All Subjects,4,3.0,10000
2523,Rampura,10,Bangla,ICT,3,2.0,7500
2524,Notun Bazar,6,English Version,Biology,4,1.5,7500
2525,Rampura,12,Bangla,Math,5,1.0,5500
2526,Badda,7,English Version,All Subjects,5,3.0,17000
2527,Gulshan,10,English Version,All Subjects,3,1.5,8500
2528,Mirpur,1,English Medium,ICT,4,3.0,10000
2529,Mohakhali,9,English Version,Chemistry,4,1.5,9500
2530,Middle Badda,8,English Medium,Physics,6,1.5,11500
2531,Badda,9,English Version,ICT,4,1.5,7000
2532,Banani,3,English Version,Chemistry,3,3.0,13500
2533,New Market,11,English Version,ICT,4,1.5,7500
2534,Rampura,12,Bangla,All Subjects,5,1.5,8500
2535,Mirpur,2,English Version,Math,5,2.0,8500
2536,New Market,7,Bangla,Biology,4,1.0,4000
2537,Badda,12,English Version,Biology,6,1.5,11000
2538,Khilkhet,1,English Version,General Science,5,2.0,7500
2539,Mirpur,5,English Version,All Subjects,6,1.0,6000
2540,Khilkhet,2,Bangla,All Subjects,6,3.0,13500
2541,Mirpur,6,English Version,Bangla,5,3.0,14000
2542,Gulshan,11,English Version,Math,4,1.0,8000
2543,Mirpur,4,Bangla,Physics,3,2.0,5500
2544,Mohakhali,5,English Version,English,5,1.5,8500
2545,Banani,2,Bangla,General Science,6,2.5,14000
2546,Banani,9,Bangla,Physics,3,3.0,14500
2547,New Market,4,English Version,Bangla,5,2.0,9500
2548,Gulshan,7,English Medium,English,2,3.0,13500
2549,Middle Badda,6,English Medium,English,5,3.0,17500
2550,Mohakhali,12,English Medium,Math,2,1.5,6500
2551,Gulshan,1,English Version,Biology,5,1.0,5500
2552,Shahbag,9,English Medium,Physics,5,2.0,15500
2553,Khilkhet,8,Bangla,Chemistry,6,1.0,7000
2554,Rampura,1,English Medium,Physics,5,2.0,10000
2555,Notun Bazar,3,English Medium,English,4,3.0,11500
2556,Banani,9,English Version,Chemistry,2,3.0,13500
2557,Badda,7,English Version,Biology,2,3.0,8500
2558,Rampura,4,Bangla,Bangla,3,3.0,8000
2559,Uttara,2,Bangla,Chemistry,4,2.0,8000
2560,Banani,5,English Medium,Chemistry,3,3.0,16500
2561,Khilkhet,1,English Version,Math,4,1.5,5500
2562,Rampura,7,Bangla,Math,6,1.0,5000
2563,Uttara,7,English Version,Math,2,1.5,5500
2564,Gulshan,9,English Medium,Biology,5,2.5,25000
2565,Banani,1,Bangla,General Science,2,2.0,5500
2566,Badda,2,English Medium,Physics,4,2.0,8500
2567,Rampura,9,English Version,ICT,6,1.0,6500
2568,Middle Badda,7,English Version,Bangla,6,1.5,9000
2569,Mirpur,5,English Version,Math,2,1.5,3500
2570,Mohakhali,1,English Version,General Science,3,2.0,6000
2571,Middle Badda,11,English Medium,All Subjects,3,2.5,12500
2572,Badda,11,Bangla,English,2,1.0,3000
2573,Middle Badda,12,English Version,Math,6,2.0,16500
2574,Shahbag,12,Bangla,Chemistry,4,3.0,16500
2575,Gulshan,12,English Medium,Chemistry,6,1.5,18000
2576,Shahbag,12,English Version,ICT,6,3.0,26000
2577,New Market,5,English Version,General Science,2,3.0,8000
2578,Mohakhali,6,English Version,Physics,3,2.0,9000
2579,Mirpur,1,English Version,Chemistry,6,3.0,15000
2580,Badda,3,English Medium,English,3,1.5,4500
2581,Uttara,7,Bangla,All Subjects,2,2.5,8500
2582,Gulshan,9,English Version,ICT,2,2.5,11500
2583,Gulshan,11,Bangla,Physics,4,3.0,23000
2584,Khilkhet,4,English Version,Physics,4,3.0,14500
2585,New Market,4,English Medium,All Subjects,3,3.0,13000
2586,Mirpur,1,English Medium,ICT,2,1.5,4000
2587,Shahbag,10,Bangla,Math,6,1.5,10000
2588,Notun Bazar,9,English Version,ICT,4,1.0,5500
2589,Rampura,10,Bangla,ICT,2,1.5,4000
2590,Middle Badda,7,Bangla,Bangla,3,3.0,9000
2591,Notun Bazar,2,Bangla,Physics,4,2.5,9000
2592,Badda,10,English Version,Chemistry,6,2.0,15500
2593,Gulshan,1,English Version,Bangla,5,1.5,6500
2594,New Market,9,Bangla,ICT,5,1.0,6000
2595,Banani,7,English Version,English,2,1.5,6000
2596,Notun Bazar,1,Bangla,English,5,3.0,9500
2597,New Market,5,Bangla,English,4,1.0,3500
2598,Uttara,11,English Version,General Science,5,1.5,9500
2599,Notun Bazar,4,English Version,Chemistry,2,2.5,7500
2600,Shahbag,5,Bangla,Math,5,1.5,7500
2601,Rampura,11,Bangla,Bangla,4,1.0,4500
2602,Banani,12,English Medium,General Science,5,1.0,10000
2603,Shahbag,12,English Medium,English,4,1.0,6500
2604,Mohakhali,11,English Version,English,3,1.5,7000
2605,Badda,2,English Medium,Biology,4,1.5,6000
2606,Rampura,2,English Version,English,5,1.0,3500
2607,Uttara,11,Bangla,Bangla,2,2.5,7500
2608,Rampura,4,English Version,Biology,3,2.5,8500
2609,Shahbag,6,Bangla,Physics,3,2.5,9000
2610,New Market,9,Bangla,Chemistry,6,1.0,7000
2611,Uttara,10,Bangla,Bangla,5,2.0,11000
2612,Banani,7,Bangla,Math,3,2.5,10500
2613,Mirpur,2,Bangla,All Subjects,2,1.5,3500
2614,Khilkhet,8,English Version,Bangla,3,1.0,3500
2615,Uttara,11,Bangla,General Science,6,3.0,22500
2616,Banani,11,Bangla,All Subjects,5,1.5,12000
2617,Notun Bazar,12,English Version,General Science,3,2.5,12500
2618,Badda,9,Bangla,English,6,1.5,8500
2619,Notun Bazar,7,Bangla,Physics,6,2.5,17000
2620,Gulshan,8,English Version,All Subjects,5,2.5,21500
2621,Banani,8,English Version,Math,5,2.5,17000
2622,Rampura,9,English Version,Bangla,2,2.0,6000
2623,Rampura,9,Bangla,Bangla,3,1.5,5000
2624,Notun Bazar,11,Bangla,ICT,4,1.0,5500
2625,Mohakhali,8,English Medium,Chemistry,5,3.0,22000
2626,Banani,9,English Version,Bangla,2,3.0,10500
2627,Shahbag,7,English Medium,Math,6,3.0,22500
2628,New Market,5,Bangla,All Subjects,4,3.0,13500
2629,Uttara,3,English Medium,Math,4,1.0,5500
2630,Khilkhet,12,Bangla,All Subjects,5,3.0,21000
2631,Mirpur,9,English Medium,Bangla,4,3.0,13500
2632,Khilkhet,10,English Version,English,2,2.0,6500
2633,New Market,9,English Version,Math,5,1.0,6000
2634,Uttara,4,English Medium,ICT,5,2.5,15000
2635,Mohakhali,11,Bangla,General Science,4,2.5,14000
2636,Shahbag,2,English Version,General Science,5,3.0,13000
2637,Rampura,9,Bangla,ICT,6,2.5,15500
2638,Uttara,3,Bangla,Physics,5,1.0,5000
2639,Mohakhali,6,English Version,Math,5,1.5,9000
2640,Badda,6,Bangla,Chemistry,2,2.0,6000
2641,Rampura,7,English Version,Biology,5,3.0,15000
2642,New Market,2,Bangla,All Subjects,3,2.0,6500
2643,Mirpur,5,Bangla,All Subjects,5,2.5,11500
2644,Badda,3,Bangla,Chemistry,3,1.5,4500
2645,Uttara,11,English Version,Chemistry,5,1.5,12500
2646,Badda,9,English Medium,English,4,2.5,12000
2647,Banani,11,English Version,Biology,3,3.0,19000
2648,Khilkhet,8,Bangla,Biology,5,1.5,9000
2649,Uttara,7,English Medium,Physics,3,2.0,10500
2650,New Market,6,Bangla,All Subjects,2,3.0,9000
2651,Notun Bazar,6,Bangla,General Science,6,2.0,11500
2652,Mohakhali,6,Bangla,Biology,5,2.0,11500
2653,Badda,1,Bangla,English,6,3.0,10500
2654,Banani,8,English Version,Bangla,2,1.5,5500
2655,Khilkhet,6,English Version,Chemistry,2,1.0,3500
2656,Badda,7,Bangla,Biology,4,2.5,10000
2657,Notun Bazar,4,Bangla,Bangla,4,3.0,11000
2658,Rampura,8,English Version,All Subjects,2,1.5,5500
2659,Middle Badda,6,Bangla,Chemistry,3,1.0,3500
2660,Banani,1,English Version,Bangla,5,2.5,12000
2661,Banani,12,English Version,General Science,6,1.0,9500
2662,Uttara,8,Bangla,Biology,3,1.5,7000
2663,Mohakhali,9,English Medium,Biology,5,1.5,12500
2664,Notun Bazar,9,English Version,ICT,5,1.0,6500
2665,Shahbag,9,Bangla,General Science,6,2.5,15000
2666,Uttara,3,English Version,Biology,6,2.0,13500
2667,New Market,5,English Version,Biology,6,2.5,16500
2668,Notun Bazar,12,English Version,Chemistry,3,3.0,14500
2669,Shahbag,2,English Medium,ICT,4,1.0,4000
2670,Gulshan,1,Bangla,Chemistry,4,1.5,7000
2671,Badda,2,English Medium,Bangla,2,2.0,5000
2672,Banani,4,Bangla,Biology,5,1.0,5500
2673,New Market,11,Bangla,Bangla,2,2.0,5500
2674,Mohakhali,9,English Version,ICT,6,3.0,25000
2675,Middle Badda,3,English Version,Physics,5,2.5,13000
2676,Middle Badda,12,English Medium,ICT,3,1.0,4500
2677,Mohakhali,12,English Version,Biology,4,1.5,11000
2678,Banani,9,Bangla,Bangla,6,1.0,7500
2679,Badda,2,Bangla,Bangla,2,2.0,4000
2680,Gulshan,7,English Version,English,6,1.5,11500
2681,Middle Badda,3,Bangla,All Subjects,5,2.0,7500
2682,Uttara,8,Bangla,English,5,1.5,8500
2683,Notun Bazar,8,English Version,Chemistry,4,3.0,17000
2684,Middle Badda,3,Bangla,Math,4,1.5,5000
2685,Mohakhali,11,English Version,ICT,6,1.5,13000
2686,Rampura,1,English Version,Bangla,5,1.0,3500
2687,Uttara,2,English Version,Physics,3,2.5,10000
2688,Khilkhet,4,English Medium,Bangla,2,2.0,5000
2689,Uttara,10,English Medium,Physics,5,1.5,14000
2690,Khilkhet,7,English Version,English,4,1.5,7000
2691,Uttara,4,English Medium,Biology,4,1.5,8500
2692,Mohakhali,4,Bangla,Chemistry,4,2.5,10500
2693,Khilkhet,11,English Version,General Science,3,1.5,7000
2694,Mirpur,4,English Medium,Biology,4,2.0,9000
2695,Middle Badda,10,English Version,English,3,2.5,10500
2696,Shahbag,8,Bangla,Bangla,5,1.0,4500
2697,Notun Bazar,4,English Version,General Science,6,2.5,14000
2698,Badda,8,English Version,Biology,3,3.0,13500
2699,Mohakhali,4,Bangla,Math,2,1.5,4500
2700,Rampura,12,English Version,Math,6,1.5,10500
2701,Gulshan,5,English Version,General Science,6,2.5,18000
2702,Mohakhali,10,Bangla,Physics,4,3.0,17000
2703,Badda,11,English Version,Math,2,1.5,4500
2704,Mirpur,4,English Medium,English,6,3.0,15500
2705,Middle Badda,2,Bangla,Bangla,3,3.0,7500
2706,Banani,1,English Version,Bangla,6,2.0,11000
2707,Banani,5,Bangla,Chemistry,6,1.5,9500
2708,Badda,1,English Version,General Science,2,1.5,3500
2709,Middle Badda,2,English Version,English,3,2.5,6500
2710,Uttara,12,Bangla,Physics,3,1.0,5500
2711,Khilkhet,8,Bangla,Bangla,2,1.0,2500
2712,Khilkhet,11,Bangla,English,5,2.5,13000
2713,Uttara,1,Bangla,Math,5,1.5,6500
2714,New Market,12,English Medium,General Science,3,1.5,8500
2715,Khilkhet,12,Bangla,Chemistry,6,1.5,11500
2716,Notun Bazar,4,English Version,Bangla,5,2.0,9500
2717,Banani,3,English Version,Chemistry,3,1.0,4000
2718,Gulshan,9,English Version,All Subjects,3,2.0,13000
2719,Shahbag,11,Bangla,Bangla,3,3.0,11500
2720,Uttara,1,English Version,Physics,4,2.0,9000
2721,Banani,12,English Version,Math,3,3.0,18500
2722,Uttara,12,English Version,Math,2,1.5,7000
2723,Banani,3,Bangla,ICT,4,3.0,12500
2724,Notun Bazar,7,Bangla,Bangla,3,1.0,3000
2725,Banani,12,English Version,Math,3,2.5,16500
2726,Rampura,2,Bangla,Bangla,5,1.5,5000
2727,Mirpur,1,Bangla,Math,5,1.0,3500
2728,Shahbag,1,Bangla,Bangla,3,2.0,5000
2729,Banani,6,Bangla,Bangla,2,1.5,4500
2730,Mirpur,1,Bangla,English,2,3.0,5000
2731,Rampura,8,English Version,General Science,4,2.5,12000
2732,Mirpur,10,Bangla,General Science,6,2.0,11000
2733,Rampura,3,English Medium,Chemistry,5,1.0,5000
2734,Mirpur,8,Bangla,English,2,3.0,7000
2735,Banani,9,Bangla,Physics,2,2.5,10500
2736,Banani,8,Bangla,English,5,1.5,9000
2737,Gulshan,9,Bangla,English,4,2.5,13000
2738,Shahbag,1,English Medium,English,4,1.0,4000
2739,Badda,9,Bangla,General Science,2,1.5,4000
2740,Khilkhet,4,Bangla,Math,4,2.0,8000
2741,Mirpur,8,Bangla,ICT,3,1.0,3500
2742,Gulshan,1,English Version,Bangla,4,3.0,13500
2743,New Market,6,Bangla,ICT,6,2.0,11000
2744,Badda,2,English Version,Biology,3,1.5,4500
2745,Uttara,8,English Medium,ICT,5,2.5,19000
2746,Banani,6,English Version,All Subjects,3,1.5,8000
2747,Middle Badda,1,Bangla,Chemistry,5,2.5,9500
2748,Mirpur,6,English Version,Math,2,1.0,2500
2749,Shahbag,8,English Version,English,4,1.0,4500
2750,New Market,5,English Version,All Subjects,6,1.0,7000
2751,Shahbag,12,English Medium,Chemistry,6,1.0,9500
2752,New Market,12,Bangla,Bangla,2,2.0,6500
2753,Mohakhali,1,English Version,Chemistry,6,2.5,15500
2754,Rampura,10,English Version,General Science,3,1.0,4000
2755,Shahbag,8,English Version,ICT,5,3.0,18500
2756,Mirpur,2,Bangla,ICT,2,1.5,3000
2757,Mirpur,1,English Version,Chemistry,3,1.5,4500
2758,Notun Bazar,7,Bangla,All Subjects,6,3.0,18000
2759,Shahbag,2,English Medium,General Science,2,1.0,3000
2760,Mirpur,3,English Medium,Bangla,2,1.5,3500
2761,Mohakhali,8,English Version,All Subjects,3,1.0,4500
2762,Gulshan,3,English Version,Math,4,1.0,5500
2763,Mohakhali,2,Bangla,All Subjects,6,3.0,17500
2764,Shahbag,8,English Medium,English,2,2.5,10000
2765,Khilkhet,9,English Version,Chemistry,6,1.0,8000
2766,Banani,9,English Medium,Chemistry,4,3.0,22000
2767,Banani,8,English Medium,Biology,6,3.0,30500
2768,Badda,10,English Medium,All Subjects,4,2.5,17000
2769,Mohakhali,3,Bangla,Math,4,3.0,10500
2770,Middle Badda,6,English Version,English,3,1.5,5000
2771,Banani,5,English Version,English,2,1.5,5000
2772,Middle Badda,11,English Version,Chemistry,3,3.0,15000
2773,Mohakhali,9,Bangla,ICT,6,2.5,17500
2774,Gulshan,5,Bangla,Biology,3,1.0,4000
2775,Banani,10,Bangla,Biology,5,1.0,7500
2776,Mohakhali,11,Bangla,General Science,4,3.0,16000
2777,Notun Bazar,12,Bangla,English,5,3.0,18500
2778,New Market,11,English Version,Bangla,4,1.0,5500
2779,Rampura,12,English Version,ICT,5,3.0,18500
2780,Mirpur,10,Bangla,Chemistry,5,3.0,16000
2781,Banani,8,Bangla,All Subjects,4,1.0,6000
2782,Uttara,6,English Version,Physics,5,2.0,13000
2783,Uttara,1,English Version,Physics,4,3.0,12500
2784,Khilkhet,9,Bangla,Math,5,1.5,9000
2785,Rampura,8,Bangla,All Subjects,5,3.0,16500
2786,Rampura,1,English Version,English,2,2.0,4000
2787,Banani,10,English Medium,Physics,4,3.0,25500
2788,Uttara,4,English Version,English,3,1.5,5500
2789,Rampura,1,Bangla,Physics,2,2.0,4000
2790,Mohakhali,2,Bangla,Math,3,2.0,6500
2791,Mirpur,5,English Version,Chemistry,2,3.0,8000
2792,Notun Bazar,11,Bangla,Physics,4,2.0,10000
2793,Shahbag,7,Bangla,English,5,2.5,13500
2794,Khilkhet,2,English Version,Bangla,4,3.0,10000
2795,Mohakhali,11,Bangla,All Subjects,2,2.5,10000
2796,Mohakhali,3,Bangla,English,5,2.0,8500
2797,Banani,4,English Version,Bangla,5,2.5,15000
2798,Mohakhali,7,English Version,All Subjects,6,1.5,12000
2799,Shahbag,7,English Version,All Subjects,5,2.0,14000
2800,Rampura,10,Bangla,English,4,2.0,9000
2801,Notun Bazar,11,Bangla,English,6,1.5,10000
2802,New Market,3,Bangla,General Science,4,1.5,5000
2803,Rampura,12,Bangla,English,2,2.5,7000
2804,New Market,12,Bangla,All Subjects,6,2.5,18000
2805,Notun Bazar,4,Bangla,Bangla,2,3.0,6500
2806,Notun Bazar,6,English Version,ICT,5,1.0,5000
2807,Shahbag,11,English Version,Chemistry,3,2.0,10500
2808,Shahbag,5,Bangla,Chemistry,5,2.5,13500
2809,Mirpur,12,English Medium,ICT,5,2.5,17000
2810,Notun Bazar,7,Bangla,Math,4,2.0,8500
2811,Notun Bazar,8,English Version,Biology,6,1.0,7000
2812,Mirpur,6,English Medium,Physics,6,3.0,18500
2813,Uttara,4,English Medium,Biology,4,2.5,14500
2814,Uttara,11,Bangla,ICT,4,2.0,10000
2815,Rampura,11,Bangla,Biology,3,1.0,3500
2816,New Market,7,Bangla,Bangla,2,1.5,3500
2817,Uttara,8,Bangla,General Science,5,2.0,10500
2818,Notun Bazar,10,Bangla,Math,2,1.0,3000
2819,Khilkhet,2,Bangla,All Subjects,4,3.0,11500
2820,New Market,7,English Medium,Math,6,1.0,6500
2821,Shahbag,9,English Medium,General Science,5,3.0,19000
2822,Banani,3,English Version,Biology,5,1.0,6500
2823,Mirpur,8,Bangla,ICT,4,1.5,6000
2824,Rampura,2,Bangla,English,3,1.0,2500
2825,Mirpur,4,English Version,General Science,4,1.5,5000
2826,Khilkhet,10,English Version,All Subjects,2,2.5,10000
2827,New Market,3,Bangla,Chemistry,6,1.5,7500
2828,Banani,11,English Version,Physics,6,2.0,22000
2829,Notun Bazar,5,Bangla,ICT,4,2.0,8000
2830,Mirpur,11,English Version,Bangla,3,1.0,3500
2831,Badda,3,English Medium,General Science,4,3.0,12000
2832,Khilkhet,12,English Medium,English,5,2.5,19500
2833,Rampura,4,Bangla,Chemistry,3,2.5,7500
2834,Badda,9,English Version,Bangla,2,2.5,7000
2835,Gulshan,11,English Version,English,6,2.5,25500
2836,Gulshan,5,Bangla,Physics,2,2.5,9500
2837,Badda,6,English Version,All Subjects,3,2.0,8000
2838,Badda,6,English Version,Chemistry,2,1.0,3500
2839,Khilkhet,11,English Version,All Subjects,2,2.5,10000
2840,Mohakhali,5,English Version,English,5,2.0,11500
2841,Mirpur,5,Bangla,Biology,4,2.0,7000
2842,Mohakhali,4,English Version,Biology,2,2.5,8000
2843,Badda,8,English Version,All Subjects,2,1.0,3500
2844,New Market,12,English Version,Physics,6,1.0,8000
2845,Middle Badda,9,English Version,Chemistry,6,2.5,19000
2846,Shahbag,10,Bangla,All Subjects,6,1.5,12000
2847,Khilkhet,10,Bangla,Biology,5,3.0,18500
2848,Middle Badda,2,Bangla,General Science,3,2.0,5000
2849,Gulshan,2,English Medium,All Subjects,5,2.0,13000
2850,Uttara,4,English Version,Physics,6,2.5,15500
2851,Badda,4,English Version,English,3,1.0,3500
2852,New Market,9,English Version,ICT,3,3.0,12000
2853,Uttara,9,English Medium,Math,6,3.0,28000
2854,Uttara,3,Bangla,English,2,1.5,3500
2855,Gulshan,1,Bangla,All Subjects,5,2.5,13000
2856,Banani,1,English Medium,All Subjects,6,3.0,23500
2857,New Market,8,English Version,English,2,3.0,8500
2858,Mirpur,4,Bangla,English,4,1.0,3500
2859,Badda,9,Bangla,Biology,3,1.0,4000
2860,Gulshan,8,Bangla,All Subjects,3,1.5,7500
2861,Rampura,10,Bangla,English,2,1.0,2500
2862,Gulshan,8,English Version,ICT,3,1.0,5000
2863,Mirpur,6,English Medium,ICT,5,1.0,5000
2864,Khilkhet,1,Bangla,ICT,5,2.0,7000
2865,Gulshan,11,Bangla,Biology,4,1.0,7000
2866,Khilkhet,4,English Medium,Math,5,3.0,15500
2867,Rampura,10,English Version,Chemistry,6,2.5,17000
2868,Shahbag,1,Bangla,All Subjects,3,2.5,7500
2869,Badda,5,English Version,ICT,6,3.0,17000
2870,Rampura,3,Bangla,General Science,2,3.0,6000
2871,Rampura,9,English Version,English,5,3.0,18000
2872,New Market,11,English Version,English,4,1.0,5000
2873,Shahbag,7,Bangla,General Science,2,3.0,8500
2874,Rampura,1,English Version,Physics,3,1.0,3500
2875,Uttara,7,English Medium,Biology,5,3.0,22000
2876,Uttara,7,Bangla,English,6,1.0,6500
2877,Shahbag,6,English Medium,English,5,2.0,11500
2878,Notun Bazar,2,English Version,General Science,4,1.0,3500
2879,Uttara,8,Bangla,Bangla,2,1.0,3000
2880,New Market,9,Bangla,English,6,3.0,17500
2881,Uttara,7,Bangla,Bangla,3,3.0,11500
2882,Notun Bazar,9,English Version,General Science,2,2.0,7000
2883,Notun Bazar,5,English Medium,English,6,2.0,13000
2884,Notun Bazar,8,English Version,Math,4,2.5,13000
2885,Uttara,1,English Version,Bangla,3,2.0,6000
2886,Gulshan,12,English Version,Math,2,2.5,11500
2887,Khilkhet,6,Bangla,Math,5,1.5,6500
2888,Uttara,5,English Version,General Science,3,3.0,10500
2889,Mohakhali,10,Bangla,Chemistry,2,1.0,3500
2890,Mohakhali,11,English Medium,All Subjects,3,1.5,9500
2891,Khilkhet,8,Bangla,Bangla,5,1.0,4500
2892,Mohakhali,6,Bangla,English,2,2.0,6000
2893,New Market,12,English Version,Math,2,1.0,4000
2894,Gulshan,10,Bangla,General Science,2,1.0,4000
2895,Rampura,2,English Version,Math,4,1.5,6000
2896,Middle Badda,1,English Version,Bangla,3,1.0,2500
2897,Banani,7,English Version,Math,2,2.5,9500
2898,Khilkhet,11,Bangla,All Subjects,6,2.0,15000
2899,Notun Bazar,12,Bangla,Bangla,6,3.0,19000
2900,Shahbag,9,English Version,ICT,4,1.5,8500
2901,Mirpur,8,English Version,ICT,2,3.0,9500
2902,Mohakhali,3,English Medium,Physics,4,3.0,14500
2903,Khilkhet,2,Bangla,Biology,2,1.5,3500
2904,Mohakhali,11,English Version,Physics,3,1.0,5500
2905,Mirpur,4,English Medium,Biology,5,2.0,10500
2906,Badda,6,English Medium,Bangla,5,3.0,14000
2907,Mirpur,9,Bangla,ICT,5,1.5,7500
2908,Badda,12,English Medium,Chemistry,6,3.0,25500
2909,Mirpur,3,Bangla,Physics,5,2.0,8000
2910,Uttara,9,Bangla,Biology,2,2.5,9500
2911,Mirpur,12,Bangla,Biology,5,3.0,16500
2912,Banani,6,English Medium,Bangla,3,3.0,13500
2913,Gulshan,10,Bangla,Biology,4,1.0,6000
2914,New Market,12,Bangla,Math,6,1.0,7500
2915,Banani,2,English Medium,General Science,6,2.5,15500
2916,New Market,1,Bangla,Chemistry,5,2.5,9000
2917,Khilkhet,3,Bangla,Math,5,3.0,12000
2918,Badda,6,English Version,Chemistry,2,1.5,5000
2919,Banani,11,Bangla,General Science,4,3.0,17500
2920,Gulshan,1,Bangla,ICT,2,1.0,2500
2921,Notun Bazar,4,English Medium,Bangla,4,3.0,12000
2922,New Market,10,Bangla,General Science,4,1.0,5000
2923,Middle Badda,2,English Version,Physics,3,2.5,8000
2924,Gulshan,6,English Version,Biology,2,1.5,6500
2925,Banani,1,Bangla,ICT,4,3.0,11000
2926,Mirpur,12,Bangla,English,2,2.0,5500
2927,Gulshan,4,Bangla,All Subjects,6,2.0,13000
2928,Mohakhali,5,English Version,English,3,2.0,8000
2929,Shahbag,3,English Medium,Biology,4,1.5,8000
2930,New Market,10,Bangla,Math,4,2.5,11000
2931,Gulshan,7,English Medium,Math,2,2.5,11500
2932,Mohakhali,1,Bangla,ICT,5,2.5,9500
2933,Khilkhet,4,English Medium,All Subjects,4,1.5,8000
2934,Badda,11,Bangla,Chemistry,4,3.0,16000
2935,Notun Bazar,4,Bangla,ICT,5,2.5,10500
2936,Uttara,6,Bangla,Physics,3,2.0,8500
2937,Banani,8,Bangla,ICT,4,2.0,10500
2938,Rampura,3,Bangla,General Science,6,2.0,8000
2939,Gulshan,11,Bangla,Bangla,3,1.5,7000
2940,Banani,2,Bangla,Math,6,1.0,5500
2941,Rampura,11,Bangla,Physics,2,3.0,10500
2942,Rampura,9,Bangla,Math,3,1.0,3500
2943,Rampura,8,Bangla,Bangla,6,1.0,5000
2944,New Market,6,English Medium,General Science,4,3.0,14500
2945,Mohakhali,8,Bangla,Bangla,2,1.5,4500
2946,Shahbag,7,Bangla,ICT,2,1.5,5000
2947,Badda,7,English Version,Bangla,2,1.5,4000
2948,Notun Bazar,9,Bangla,Chemistry,5,2.5,16000
2949,Khilkhet,10,Bangla,General Science,2,1.0,3000
2950,Uttara,4,English Version,All Subjects,2,1.5,4500
2951,Khilkhet,3,Bangla,Bangla,2,2.0,4500
2952,Mohakhali,2,English Version,General Science,2,2.0,5000
2953,Rampura,2,English Version,All Subjects,5,1.5,7000
2954,Notun Bazar,9,English Version,Biology,6,2.5,19000
2955,Middle Badda,3,English Version,English,5,3.0,12500
2956,Khilkhet,1,English Version,Biology,3,2.5,7500
2957,Khilkhet,10,English Medium,English,6,2.5,19500
2958,Uttara,9,English Medium,General Science,3,3.0,14500
2959,Mirpur,1,English Version,All Subjects,3,1.5,4500
2960,Middle Badda,3,Bangla,Bangla,6,1.5,6000
2961,Mohakhali,3,English Version,Physics,3,1.5,5500
2962,Banani,5,Bangla,Chemistry,3,1.5,7000
2963,Mohakhali,12,Bangla,ICT,4,3.0,17500
2964,Badda,12,Bangla,Bangla,2,1.5,4000
2965,Badda,1,Bangla,Bangla,3,1.5,3000
2966,Middle Badda,8,Bangla,Bangla,2,1.5,3500
2967,Badda,1,English Medium,Bangla,6,1.0,4500
2968,Gulshan,7,Bangla,Physics,2,1.0,4000
2969,Shahbag,4,English Medium,General Science,5,2.5,13000
2970,Shahbag,2,English Version,Physics,3,1.0,3500
2971,New Market,3,English Medium,English,5,1.0,5000
2972,Rampura,10,Bangla,Bangla,6,3.0,15500
2973,Gulshan,5,Bangla,All Subjects,4,1.0,5500
2974,Rampura,3,Bangla,English,3,1.0,2500
2975,Gulshan,9,Bangla,ICT,6,2.0,17500
2976,Rampura,7,English Version,Math,5,1.5,8500
2977,Uttara,2,English Version,ICT,4,2.0,7500
2978,Shahbag,5,English Version,Chemistry,4,1.0,5000
2979,Rampura,7,English Medium,Chemistry,6,1.5,11500
2980,Shahbag,7,Bangla,Chemistry,6,2.5,15500
2981,Badda,3,English Version,ICT,3,2.5,8500
2982,Banani,2,Bangla,Bangla,4,1.5,6000
2983,New Market,3,English Medium,Biology,6,2.0,12000
2984,Uttara,2,English Version,All Subjects,2,3.0,9500
2985,Shahbag,11,English Version,ICT,3,1.5,7500
2986,Khilkhet,2,English Version,ICT,4,1.5,5500
2987,Notun Bazar,4,English Medium,Chemistry,5,1.5,9500
2988,New Market,1,Bangla,Physics,3,1.5,4000
2989,Badda,1,English Version,Physics,2,1.0,2500
2990,Notun Bazar,11,English Version,ICT,2,2.0,8000
2991,Mirpur,6,English Medium,ICT,6,2.0,12500
2992,Middle Badda,7,English Version,Chemistry,4,1.5,7000
2993,Badda,7,Bangla,General Science,4,2.5,9500
2994,Khilkhet,10,English Version,ICT,2,2.5,8500
2995,Mirpur,3,Bangla,Biology,4,2.0,6000
2996,Khilkhet,1,English Version,Chemistry,6,1.0,5500
2997,Uttara,7,English Version,Biology,4,3.0,16000
2998,Mirpur,8,Bangla,Physics,2,2.5,7500
2999,Mirpur,3,Bangla,English,4,1.5,4500
3000,Mirpur,1,English Medium,Chemistry,6,3.0,14500
3001,Uttara,7,English Version,Chemistry,4,2.0,11000
3002,Gulshan,8,English Version,Physics,5,1.5,11500
3003,New Market,1,Bangla,English,5,3.0,11000
3004,Uttara,3,English Medium,English,4,3.0,13500
3005,Mohakhali,5,Bangla,Physics,4,2.0,10000
3006,Uttara,7,English Medium,All Subjects,5,2.0,14500
3007,New Market,11,English Medium,General Science,2,1.0,4000
3008,New Market,3,English Medium,Math,6,2.5,15500
3009,Khilkhet,3,Bangla,General Science,5,2.5,9000
3010,Rampura,7,English Version,ICT,3,1.5,5500
3011,Banani,5,English Medium,Math,4,1.5,9500
3012,Mohakhali,2,Bangla,Biology,4,3.0,12000
3013,Gulshan,1,Bangla,Bangla,5,1.5,7000
3014,Banani,5,Bangla,General Science,3,1.0,4000
3015,Shahbag,5,Bangla,English,3,2.5,8000
3016,New Market,12,Bangla,Bangla,2,1.5,4500
3017,Rampura,10,Bangla,Bangla,6,2.5,13000
3018,Khilkhet,1,English Version,Bangla,6,2.5,11500
3019,Notun Bazar,3,English Version,Biology,3,1.5,5000
3020,Uttara,11,English Version,General Science,3,3.0,13500
3021,Mohakhali,10,English Version,Math,4,2.0,12500
3022,Khilkhet,12,English Version,Physics,4,1.5,9000
3023,Rampura,7,Bangla,Biology,2,2.5,7000
3024,Gulshan,9,English Medium,Math,6,1.5,15000
3025,Middle Badda,2,English Version,Bangla,3,2.5,6000
3026,Gulshan,8,Bangla,ICT,2,2.0,8000
3027,Mohakhali,4,English Medium,All Subjects,6,1.5,11500
3028,Middle Badda,11,English Version,ICT,4,3.0,17000
3029,Rampura,8,Bangla,General Science,4,1.5,5500
3030,Badda,12,English Medium,Bangla,3,3.0,12500
3031,Banani,10,Bangla,Bangla,4,3.0,18000
3032,Khilkhet,10,Bangla,Bangla,3,2.0,7000
3033,Rampura,3,English Version,Biology,3,2.0,6500
3034,Rampura,4,English Version,General Science,3,1.0,3500
3035,Banani,9,Bangla,ICT,5,2.0,12500
3036,Badda,1,English Version,Biology,3,3.0,9500
3037,Banani,11,English Version,Bangla,2,1.0,4000
3038,Rampura,3,Bangla,Math,6,2.0,9000
3039,Badda,10,English Version,General Science,4,2.5,11000
3040,Khilkhet,5,English Version,Math,4,2.0,8500
3041,Banani,3,English Medium,English,4,1.0,5000
3042,Khilkhet,5,Bangla,Biology,4,2.5,9500
3043,Shahbag,11,Bangla,ICT,6,1.5,11000
3044,Middle Badda,9,English Version,Bangla,2,2.5,8000
3045,Uttara,1,Bangla,ICT,3,1.0,2500
3046,New Market,8,Bangla,English,3,2.0,6500
3047,Badda,10,Bangla,ICT,6,2.5,15000
3048,Shahbag,11,English Version,Math,6,3.0,23500
3049,Banani,3,Bangla,General Science,3,1.0,3500
3050,Uttara,3,Bangla,ICT,2,2.5,7000
3051,Khilkhet,10,English Medium,All Subjects,6,2.5,22500
3052,Rampura,6,Bangla,Physics,6,2.0,10500
3053,Shahbag,2,English Version,ICT,4,2.0,7500
3054,Mohakhali,11,English Version,Biology,3,1.5,7500
3055,Gulshan,3,Bangla,English,4,1.0,4500
3056,Middle Badda,7,Bangla,Chemistry,6,2.5,15500
3057,Mirpur,8,Bangla,Math,2,1.5,4000
3058,Mohakhali,8,Bangla,Chemistry,6,2.5,18000
3059,Mirpur,10,Bangla,General Science,4,1.0,4000
3060,Badda,7,English Medium,ICT,2,2.0,7000
3061,Gulshan,1,Bangla,Biology,4,1.5,6500
3062,Gulshan,10,English Version,Chemistry,6,2.5,26500
3063,Middle Badda,8,Bangla,Biology,3,3.0,11500
3064,Badda,6,Bangla,Biology,6,2.5,14000
3065,Uttara,6,Bangla,Bangla,6,1.5,8000
3066,New Market,4,Bangla,Physics,2,2.0,5500
3067,Mohakhali,10,English Version,Biology,6,2.5,20000
3068,Mirpur,7,English Version,Physics,4,2.0,10000
3069,Mirpur,12,Bangla,Chemistry,2,2.0,7000
3070,Rampura,10,English Medium,Physics,6,1.5,13500
3071,Mirpur,5,English Version,Chemistry,3,3.0,11500
3072,Rampura,5,Bangla,All Subjects,3,1.5,4500
3073,Shahbag,6,English Version,Bangla,6,2.5,15000
3074,Badda,10,English Version,All Subjects,6,3.0,24000
3075,Mirpur,2,Bangla,English,2,3.0,5500
3076,Gulshan,12,Bangla,General Science,2,2.5,10000
3077,Mohakhali,6,Bangla,ICT,4,2.0,9000
3078,Shahbag,3,English Medium,Bangla,2,1.5,3500
3079,Mirpur,5,English Version,Chemistry,5,1.0,4500
3080,Shahbag,4,English Version,Math,3,2.0,6500
3081,Banani,4,English Version,General Science,4,2.5,13000
3082,Mohakhali,12,English Version,Physics,4,3.0,20500
3083,New Market,8,English Medium,All Subjects,5,1.0,7500
3084,Shahbag,4,English Medium,Chemistry,4,3.0,15500
3085,Mirpur,12,Bangla,ICT,3,1.0,3500
3086,Mohakhali,9,Bangla,Physics,4,1.5,8000
3087,Rampura,3,English Medium,Bangla,2,1.5,3500
3088,Middle Badda,5,Bangla,ICT,3,1.0,3000
3089,Badda,11,English Version,ICT,6,2.5,19000
3090,Mohakhali,1,Bangla,Biology,3,3.0,9500
3091,Rampura,10,English Medium,Bangla,2,2.5,8500
3092,Mirpur,2,English Version,Physics,2,2.0,4500
3093,Notun Bazar,1,Bangla,All Subjects,4,1.0,3000
3094,Mohakhali,10,English Medium,ICT,5,2.0,14500
3095,Notun Bazar,12,English Medium,Bangla,3,1.5,7000
3096,Uttara,10,English Version,Math,3,1.0,4500
3097,Rampura,10,English Medium,Physics,3,1.0,5000
3098,Badda,4,Bangla,General Science,5,1.0,4000
3099,Banani,11,English Medium,General Science,4,1.0,7500
3100,Rampura,3,English Version,Biology,4,1.5,6500
3101,Gulshan,3,Bangla,Biology,3,1.0,3500
3102,Uttara,4,English Version,All Subjects,4,2.5,11500
3103,Gulshan,4,Bangla,Bangla,2,1.5,4500
3104,Middle Badda,2,English Medium,Math,2,2.5,7000
3105,Uttara,11,English Version,Chemistry,2,2.0,8000
3106,Khilkhet,7,English Medium,Chemistry,6,2.5,20500
3107,Banani,8,English Version,General Science,4,2.0,11500
3108,Shahbag,10,English Medium,Bangla,4,1.0,5500
3109,New Market,9,Bangla,General Science,3,2.5,9500
3110,Notun Bazar,9,English Medium,English,3,1.5,6500
3111,Gulshan,10,English Version,Biology,5,2.5,22500
3112,Mirpur,12,Bangla,All Subjects,3,1.5,6500
3113,New Market,4,English Version,English,3,1.0,3000
3114,Banani,1,Bangla,General Science,6,1.0,4500
3115,Notun Bazar,12,English Version,Math,2,2.5,10000
3116,Middle Badda,5,English Version,Physics,6,1.5,9000
3117,Shahbag,10,English Version,Biology,3,3.0,14000
3118,Banani,8,Bangla,Bangla,3,2.5,11500
3119,Khilkhet,5,Bangla,All Subjects,5,1.5,7000
3120,Notun Bazar,5,Bangla,English,5,1.5,6500
3121,Notun Bazar,11,English Version,ICT,3,1.5,7500
3122,Gulshan,12,English Version,Physics,3,2.0,13000
3123,Middle Badda,1,Bangla,All Subjects,5,3.0,11500
3124,Notun Bazar,1,Bangla,Math,3,1.0,3000
3125,Shahbag,11,Bangla,All Subjects,4,1.0,6000
3126,Notun Bazar,4,English Version,General Science,5,2.0,9500
3127,Uttara,7,Bangla,Physics,3,3.0,13500
3128,Rampura,4,Bangla,General Science,5,2.5,9500
3129,Uttara,3,English Medium,Bangla,2,2.5,6500
3130,Rampura,6,English Version,Bangla,6,1.5,7000
3131,Notun Bazar,10,English Version,Bangla,3,3.0,11500
3132,Banani,6,English Medium,ICT,3,1.0,5000
3133,Notun Bazar,6,English Version,ICT,3,2.5,9000
3134,New Market,12,English Version,ICT,3,3.0,15000
3135,New Market,3,Bangla,ICT,2,2.0,5000
3136,Shahbag,9,Bangla,All Subjects,4,1.0,5000
3137,Khilkhet,2,Bangla,All Subjects,2,1.0,2500
3138,Mohakhali,4,English Version,Bangla,2,1.0,2500
3139,Uttara,2,English Medium,Bangla,2,2.0,5500
3140,Mohakhali,11,English Medium,English,4,3.0,18500
3141,Rampura,9,Bangla,General Science,5,2.0,10500
3142,Banani,10,Bangla,Biology,4,3.0,19000
3143,Rampura,5,English Medium,Bangla,2,1.0,3000
3144,Uttara,10,English Medium,General Science,5,3.0,22000
3145,Notun Bazar,9,Bangla,ICT,5,2.0,12000
3146,Rampura,12,Bangla,English,6,2.5,16500
3147,Badda,5,English Version,English,6,1.5,8500
3148,Rampura,3,Bangla,Physics,3,1.0,3000
3149,Banani,1,Bangla,Chemistry,6,1.5,9000
3150,Banani,5,English Version,All Subjects,6,1.0,7500
3151,Shahbag,8,Bangla,ICT,6,3.0,19000
3152,Shahbag,5,English Version,All Subjects,2,1.5,5000
3153,Badda,2,English Version,Math,2,1.5,4000
3154,Rampura,7,Bangla,Bangla,2,1.0,2500
3155,Badda,12,Bangla,Biology,3,3.0,12500
3156,Banani,1,Bangla,Math,4,1.5,5500
3157,Mohakhali,4,English Version,Math,4,3.0,14000
3158,Rampura,10,Bangla,Math,2,2.5,7500
3159,Khilkhet,7,Bangla,General Science,5,1.5,7500
3160,Uttara,9,English Medium,Physics,6,3.0,30000
3161,New Market,4,Bangla,General Science,5,1.0,4000
3162,New Market,2,English Medium,All Subjects,5,1.5,8000
3163,Banani,4,Bangla,Chemistry,2,1.0,3500
3164,Badda,3,English Version,Bangla,3,1.5,4500
3165,Uttara,2,English Version,All Subjects,3,2.0,8000
3166,Middle Badda,12,English Version,English,6,2.5,17000
3167,Khilkhet,12,Bangla,General Science,5,2.5,13500
3168,Gulshan,7,English Version,Biology,6,1.5,12000
3169,Mohakhali,9,Bangla,Chemistry,3,1.0,4500
3170,Middle Badda,10,Bangla,ICT,2,2.5,8000
3171,Khilkhet,2,Bangla,ICT,6,3.0,14000
3172,Mohakhali,12,Bangla,General Science,3,1.0,5000
3173,Khilkhet,3,English Version,ICT,4,2.5,10000
3174,Uttara,10,English Medium,English,3,2.0,10500
3175,Mirpur,10,English Version,Bangla,4,2.0,8500
3176,Mirpur,11,Bangla,Math,5,2.0,11500
3177,Shahbag,10,Bangla,Chemistry,5,1.5,10000
3178,Rampura,7,English Version,Chemistry,2,2.5,8500
3179,Rampura,8,Bangla,Math,6,3.0,17000
3180,New Market,11,English Version,All Subjects,4,3.0,19500
3181,Mirpur,7,Bangla,All Subjects,3,3.0,11000
3182,Mirpur,2,Bangla,Physics,4,2.5,8000
3183,New Market,6,Bangla,All Subjects,6,1.0,6500
3184,Mirpur,10,English Version,Chemistry,4,2.0,9500
3185,Shahbag,3,English Version,All Subjects,5,1.0,5000
3186,Uttara,2,English Version,Math,3,2.5,8000
3187,Middle Badda,1,Bangla,Chemistry,6,3.0,14000
3188,Gulshan,9,Bangla,All Subjects,4,2.0,13000
3189,Badda,1,English Version,All Subjects,6,3.0,14000
3190,New Market,1,Bangla,Chemistry,6,3.0,13000
3191,Shahbag,12,English Version,English,6,2.0,15500
3192,Badda,1,Bangla,General Science,4,1.0,2500
3193,Badda,1,English Version,ICT,5,1.0,4000
3194,Shahbag,6,English Version,Math,4,2.5,11500
3195,Mohakhali,5,English Version,Physics,5,3.0,19000
3196,Mirpur,7,Bangla,Math,6,2.5,14000
3197,Gulshan,11,Bangla,General Science,3,2.5,14000
3198,Gulshan,1,Bangla,Physics,5,2.0,11500
3199,Banani,1,Bangla,Chemistry,4,2.0,8000
3200,Shahbag,1,Bangla,Chemistry,4,2.5,9000
3201,Rampura,6,Bangla,Math,5,1.5,7000
3202,Uttara,2,Bangla,Biology,6,3.0,15000
3203,Middle Badda,3,Bangla,ICT,3,1.5,4500
3204,Uttara,2,English Version,Biology,3,1.5,6000
3205,New Market,11,Bangla,Math,4,2.5,12000
3206,Rampura,5,English Version,Biology,4,3.0,12500
3207,Rampura,6,Bangla,Physics,6,1.5,8000
3208,Middle Badda,2,English Medium,Chemistry,4,2.0,8000
3209,Uttara,12,English Version,Math,2,1.5,6000
3210,New Market,3,English Medium,English,5,1.5,8000
3211,New Market,3,English Version,General Science,5,1.5,6500
3212,Mirpur,9,English Version,Physics,6,2.0,14000
3213,Khilkhet,11,Bangla,Biology,3,1.5,6500
3214,Mirpur,3,English Version,Biology,3,2.0,5500
3215,Banani,9,Bangla,Biology,6,1.0,8000
3216,Gulshan,6,English Medium,All Subjects,2,2.0,9000
3217,Banani,5,Bangla,Chemistry,4,2.5,12500
3218,Notun Bazar,11,Bangla,Bangla,4,2.5,12000
3219,Khilkhet,12,English Medium,Chemistry,2,2.5,11000
3220,Shahbag,5,English Version,General Science,3,2.0,7000
3221,Shahbag,4,Bangla,Physics,5,3.0,15000
3222,Badda,4,Bangla,Physics,5,1.0,5000
3223,Banani,12,Bangla,All Subjects,6,1.5,14000
3224,Gulshan,9,English Version,All Subjects,3,3.0,17000
3225,Uttara,8,English Version,Physics,2,2.0,8500
3226,Rampura,3,Bangla,English,4,1.5,4500
3227,Khilkhet,5,Bangla,Physics,4,1.5,6500
3228,Mohakhali,1,Bangla,English,4,2.5,8500
3229,Badda,5,Bangla,ICT,5,1.0,4500
3230,Middle Badda,12,Bangla,Bangla,6,2.5,15000
3231,Banani,5,Bangla,ICT,3,3.0,12500
3232,Mirpur,7,English Version,ICT,4,2.0,8000
3233,Shahbag,10,English Version,Math,2,1.0,3500
3234,Shahbag,9,Bangla,Physics,6,1.0,7000
3235,Badda,11,English Version,Bangla,2,1.0,3000
3236,Rampura,11,English Version,Chemistry,3,2.0,9500
3237,Khilkhet,9,English Version,Chemistry,6,3.0,24000
3238,Shahbag,6,Bangla,All Subjects,4,2.5,11500
3239,Khilkhet,10,Bangla,All Subjects,3,3.0,13500
3240,Shahbag,1,Bangla,English,5,3.0,11000
3241,Mohakhali,10,English Version,English,3,2.0,9500
3242,Badda,11,English Version,General Science,2,2.5,7500
3243,Notun Bazar,10,English Version,Chemistry,4,1.0,6000
3244,Badda,7,English Version,Bangla,6,2.5,15000
3245,Banani,2,Bangla,Physics,2,1.5,4500
3246,Notun Bazar,7,English Version,English,2,3.0,8500
3247,Middle Badda,9,Bangla,Biology,6,1.0,6500
3248,Gulshan,12,English Version,Bangla,2,2.5,11000
3249,Gulshan,6,Bangla,All Subjects,5,2.5,17000
3250,Badda,6,Bangla,Biology,6,3.0,17000
3251,Khilkhet,8,English Medium,Math,4,1.5,7500
3252,Rampura,1,English Version,English,2,3.0,6000
3253,Shahbag,2,Bangla,All Subjects,3,3.0,10500
3254,Mirpur,3,English Version,Biology,4,1.0,3500
3255,Rampura,1,English Version,All Subjects,4,3.0,11500
3256,Mohakhali,12,Bangla,Chemistry,4,1.0,6500
3257,Mirpur,4,English Version,Physics,5,1.0,5000
3258,Khilkhet,9,English Version,ICT,5,1.5,10000
3259,Banani,4,English Version,All Subjects,6,2.5,19500
3260,Badda,6,Bangla,Math,2,2.0,5000
3261,Rampura,2,Bangla,Chemistry,5,1.5,5500
3262,Notun Bazar,7,English Version,Physics,6,2.5,17500
3263,Notun Bazar,6,English Version,English,2,2.5,7000
3264,Rampura,11,English Version,Bangla,6,1.5,9500
3265,Uttara,8,Bangla,Bangla,6,3.0,17500
3266,New Market,7,Bangla,Biology,3,2.0,7000
3267,Banani,7,English Version,Chemistry,2,2.5,10000
3268,Banani,10,English Medium,General Science,4,1.5,10500
3269,New Market,5,Bangla,Chemistry,2,2.0,6000
3270,Gulshan,4,English Version,All Subjects,2,1.5,6000
3271,Badda,1,Bangla,General Science,5,1.5,5000
3272,Mohakhali,2,Bangla,Chemistry,4,2.5,9000
3273,Shahbag,4,English Version,Physics,2,3.0,9000
3274,Gulshan,7,English Version,Chemistry,6,1.0,9000
3275,Uttara,9,English Version,Chemistry,6,3.0,25000
3276,Mirpur,6,English Version,Biology,2,1.5,4500
3277,Notun Bazar,9,English Version,General Science,3,2.5,9500
3278,Mirpur,4,Bangla,ICT,6,3.0,14500
3279,Banani,7,English Version,Chemistry,2,1.5,6000
3280,Badda,10,English Version,All Subjects,2,3.0,11000
3281,Mohakhali,8,Bangla,Biology,6,1.5,11000
3282,Badda,7,Bangla,General Science,5,1.0,5000
3283,Banani,4,English Version,Math,6,1.0,7500
3284,Notun Bazar,4,English Version,ICT,2,1.5,4000
3285,Rampura,3,Bangla,Bangla,2,2.0,3500
3286,Uttara,4,English Medium,Math,4,2.5,12500
3287,Gulshan,5,English Version,English,2,1.0,3500
3288,Middle Badda,12,English Version,Chemistry,2,3.0,11500
3289,Mirpur,6,English Medium,Physics,6,1.0,6000
3290,Middle Badda,12,English Version,English,3,1.5,7000
3291,Mohakhali,8,Bangla,All Subjects,5,1.5,10000
3292,Mirpur,10,Bangla,Bangla,3,2.0,6000
3293,Middle Badda,5,English Version,Bangla,4,1.0,3500
3294,Khilkhet,11,English Version,Bangla,5,1.0,5500
3295,Shahbag,1,Bangla,Chemistry,5,3.0,12500
3296,Khilkhet,7,Bangla,General Science,2,1.5,4000
3297,Middle Badda,12,English Version,Math,3,1.0,4000
3298,Notun Bazar,4,Bangla,ICT,3,1.0,3000
3299,Badda,7,English Medium,Math,2,2.0,6500
3300,Shahbag,6,Bangla,English,5,1.5,6500
3301,Shahbag,1,Bangla,General Science,3,3.0,8000
3302,Badda,1,English Version,Bangla,3,1.0,2500
3303,Mohakhali,7,English Version,All Subjects,5,1.0,7000
3304,Middle Badda,3,Bangla,Math,4,2.0,7000
3305,Khilkhet,5,English Version,English,5,1.0,5000
3306,Mohakhali,2,English Version,Math,5,2.0,9000
3307,Rampura,1,English Medium,Bangla,3,2.0,5500
3308,Uttara,3,Bangla,English,5,1.0,4000
3309,Uttara,4,English Medium,Chemistry,2,1.5,6000
3310,New Market,12,Bangla,Chemistry,4,2.5,15000
3311,Middle Badda,3,Bangla,Math,3,1.5,4000
3312,New Market,6,Bangla,Physics,3,2.5,9000
3313,New Market,8,English Version,Chemistry,6,1.0,8000
3314,New Market,3,Bangla,Biology,4,3.0,11000
3315,Banani,7,Bangla,English,2,3.0,10500
3316,Notun Bazar,9,English Version,English,3,2.5,10500
3317,Rampura,12,Bangla,All Subjects,5,2.0,12500
3318,Rampura,9,English Version,Bangla,3,2.5,9000
3319,Gulshan,1,English Version,Chemistry,4,2.5,12000
3320,Mohakhali,12,Bangla,All Subjects,2,3.0,11500
3321,Gulshan,8,Bangla,Bangla,2,2.5,8500
3322,Gulshan,7,English Version,All Subjects,3,2.5,14500
3323,Khilkhet,11,Bangla,Physics,4,1.5,8000
3324,Mirpur,9,Bangla,General Science,2,3.0,7500
3325,Badda,10,English Medium,ICT,4,2.0,11500
3326,Uttara,12,English Medium,Bangla,2,1.5,6000
3327,Khilkhet,8,English Version,Bangla,2,2.0,6500
3328,Gulshan,4,English Version,Math,2,1.0,3000
3329,Mohakhali,7,Bangla,Chemistry,5,2.5,14000
3330,Banani,10,Bangla,All Subjects,6,3.0,28000
3331,Shahbag,2,Bangla,English,5,1.0,3500
3332,Banani,7,English Version,Bangla,3,1.5,7000
3333,Badda,8,English Version,All Subjects,6,2.5,18000
3334,Shahbag,1,Bangla,All Subjects,4,2.0,7500
3335,Banani,9,Bangla,Chemistry,5,1.5,10000
3336,Gulshan,10,English Version,All Subjects,4,1.5,11000
3337,Banani,2,English Version,Physics,5,1.0,6500
3338,Mohakhali,2,Bangla,All Subjects,4,2.0,7500
3339,Uttara,10,English Medium,Chemistry,3,1.0,5500
3340,Mirpur,11,Bangla,Biology,3,2.0,8000
3341,Mirpur,7,Bangla,General Science,4,2.5,10000
3342,Shahbag,10,Bangla,Chemistry,5,2.5,16000
3343,Khilkhet,1,Bangla,All Subjects,3,2.0,6000
3344,Khilkhet,1,English Version,All Subjects,2,3.0,7000
3345,Uttara,11,Bangla,General Science,6,2.0,15500
3346,Uttara,7,Bangla,All Subjects,4,3.0,16500
3347,Middle Badda,5,English Version,Bangla,5,1.5,7000
3348,Notun Bazar,11,English Medium,ICT,4,1.5,10000
3349,Badda,6,English Medium,Math,2,2.0,6000
3350,Shahbag,2,English Medium,All Subjects,3,3.0,12500
3351,Banani,9,Bangla,ICT,2,1.5,6000
3352,Notun Bazar,6,English Version,Chemistry,5,1.0,6500
3353,Gulshan,8,English Version,Physics,2,2.0,9000
3354,Gulshan,1,Bangla,All Subjects,3,3.0,10500
3355,Banani,1,Bangla,Bangla,3,1.5,4500
3356,New Market,7,Bangla,English,3,1.0,3500
3357,Mirpur,9,English Version,Math,5,2.5,13500
3358,Notun Bazar,4,English Medium,Chemistry,4,2.5,13000
3359,Mirpur,11,Bangla,Bangla,5,2.5,13000
3360,New Market,5,Bangla,Math,2,3.0,7000
3361,Badda,1,Bangla,Physics,4,2.5,8500
3362,Mirpur,4,Bangla,ICT,2,2.5,6000
3363,Mohakhali,3,Bangla,Biology,2,1.5,4500
3364,New Market,3,Bangla,Math,6,2.5,12500
3365,Khilkhet,7,English Medium,ICT,3,1.5,6500
3366,Banani,10,English Medium,ICT,6,2.5,25500
3367,Mirpur,10,Bangla,General Science,2,1.5,4000
3368,New Market,4,Bangla,Math,5,1.0,4500
3369,Mirpur,9,English Version,Chemistry,3,1.5,6000
3370,Mirpur,4,Bangla,Chemistry,5,2.5,11000
3371,Banani,3,Bangla,ICT,4,3.0,14000
3372,Notun Bazar,3,Bangla,Bangla,2,2.5,5500
3373,Mirpur,5,English Version,English,2,1.0,2500
3374,Shahbag,8,English Version,All Subjects,6,1.0,7500
3375,Middle Badda,4,Bangla,ICT,3,2.0,5500
3376,New Market,10,English Version,All Subjects,6,1.5,12500
3377,Mohakhali,9,Bangla,ICT,6,1.0,7500
3378,Rampura,5,English Medium,Math,4,1.0,5000
3379,Gulshan,3,Bangla,Biology,4,1.5,7500
3380,Mirpur,2,English Version,Bangla,3,1.0,2500
3381,Rampura,1,Bangla,All Subjects,5,1.0,4000
3382,Badda,8,Bangla,All Subjects,5,1.0,6000
3383,Badda,3,Bangla,Physics,2,3.0,7000
3384,Shahbag,10,English Version,Math,2,1.0,4000
3385,Gulshan,1,Bangla,General Science,2,1.5,3500
3386,Khilkhet,8,English Version,General Science,6,2.5,14500
3387,Khilkhet,2,English Medium,ICT,3,2.0,7000
3388,Shahbag,1,English Version,Chemistry,2,3.0,8000
3389,New Market,8,English Version,Biology,4,1.0,5500
3390,Banani,4,English Medium,Biology,3,2.0,10000
3391,Khilkhet,2,Bangla,Bangla,6,3.0,12500
3392,Middle Badda,9,English Version,General Science,3,2.5,10000
3393,Gulshan,12,Bangla,English,5,1.0,7500
3394,Mohakhali,12,English Version,General Science,3,1.5,8000
3395,New Market,10,English Medium,ICT,4,2.5,15000
3396,Banani,9,Bangla,Biology,3,1.0,5000
3397,Rampura,9,English Medium,Math,3,2.0,9000
3398,New Market,12,English Version,Biology,4,2.5,16500
3399,Mohakhali,1,Bangla,Chemistry,4,1.5,6000
3400,Uttara,4,English Medium,Bangla,3,1.0,3500
3401,Gulshan,7,English Version,ICT,6,2.0,18000
3402,Mirpur,7,English Version,Math,5,2.5,13000
3403,Notun Bazar,2,Bangla,English,3,3.0,8500
3404,Notun Bazar,12,English Version,Bangla,2,2.0,6500
3405,Banani,7,English Medium,Bangla,5,1.0,6500
3406,Gulshan,4,Bangla,Math,6,2.0,14000
3407,Uttara,5,English Version,English,6,3.0,19500
3408,Shahbag,3,Bangla,Chemistry,6,1.0,5000
3409,Gulshan,5,English Medium,ICT,6,1.0,9000
3410,Notun Bazar,4,Bangla,English,4,1.0,3500
3411,Khilkhet,6,English Version,All Subjects,5,2.0,11500
3412,Badda,4,English Version,Biology,3,2.0,7000
3413,Banani,1,Bangla,English,4,2.5,9000
3414,Uttara,8,English Version,ICT,2,2.0,7000
3415,Mohakhali,6,Bangla,English,3,3.0,11000
3416,Middle Badda,8,Bangla,English,3,1.5,5000
3417,Shahbag,8,English Version,Biology,4,2.0,10000
3418,New Market,1,English Version,General Science,3,1.5,4500
3419,Gulshan,3,Bangla,Chemistry,5,2.0,12500
3420,Rampura,8,English Version,Math,4,1.0,4500
3421,Gulshan,8,Bangla,All Subjects,5,1.0,7000
3422,Mirpur,11,English Version,Physics,5,1.0,6000
3423,Middle Badda,6,Bangla,Physics,6,1.0,6000
3424,Middle Badda,5,English Version,Chemistry,6,2.0,12500
3425,New Market,3,Bangla,Bangla,6,1.5,6000
3426,Rampura,11,English Version,Bangla,5,1.5,8500
3427,Mirpur,1,Bangla,ICT,4,1.5,4000
3428,New Market,7,English Version,Bangla,5,1.0,5500
3429,Khilkhet,4,English Medium,Physics,6,2.5,17000
3430,Khilkhet,3,Bangla,Bangla,3,3.0,8000
3431,Mohakhali,8,English Version,ICT,2,2.0,7000
3432,Mohakhali,7,English Version,Physics,3,1.0,5000
3433,Notun Bazar,4,Bangla,Biology,2,3.0,8500
3434,Shahbag,3,English Version,ICT,2,2.0,5500
3435,Middle Badda,7,English Medium,Math,4,1.5,8000
3436,Khilkhet,6,Bangla,Math,5,3.0,14500
3437,Middle Badda,8,English Version,Biology,4,1.5,7500
3438,Banani,10,English Version,Math,3,3.0,16000
3439,Uttara,8,Bangla,ICT,3,2.5,10500
3440,Uttara,1,English Version,Bangla,3,2.5,6500
3441,Banani,8,English Version,General Science,5,3.0,19000
3442,Middle Badda,2,Bangla,Math,4,1.5,5000
3443,Mohakhali,6,Bangla,Chemistry,6,2.5,16500
3444,Badda,1,Bangla,English,5,3.0,9000
3445,Shahbag,3,Bangla,Bangla,5,3.0,12500
3446,Gulshan,2,English Medium,Chemistry,3,2.5,11500
3447,Banani,1,Bangla,Math,2,2.5,6500
3448,Gulshan,4,English Version,English,5,1.5,9000
3449,Gulshan,6,English Version,Math,4,3.0,16500
3450,Uttara,7,English Version,Bangla,4,2.0,9500
3451,Badda,2,English Medium,General Science,3,3.0,9000
3452,Middle Badda,7,English Medium,All Subjects,2,3.0,10500
3453,Shahbag,1,English Version,Biology,4,1.0,3500
3454,Notun Bazar,10,English Version,All Subjects,4,1.0,6000
3455,Badda,12,English Version,Bangla,5,1.5,9500
3456,Middle Badda,3,English Version,English,3,3.0,8000
3457,Rampura,4,Bangla,Math,4,3.0,11000
3458,Gulshan,3,English Version,ICT,5,2.5,15500
3459,Uttara,8,English Medium,All Subjects,4,2.0,14500
3460,Shahbag,8,Bangla,Biology,2,2.5,8500
3461,Mohakhali,9,Bangla,Math,5,2.5,16500
3462,Rampura,1,Bangla,All Subjects,2,1.0,2500
3463,Uttara,10,Bangla,Bangla,2,2.0,6500
3464,Mirpur,4,English Version,Chemistry,4,3.0,12500
3465,Gulshan,10,Bangla,Bangla,4,1.5,8000
3466,Uttara,1,English Medium,Physics,4,1.0,4500
3467,Notun Bazar,11,English Version,Biology,2,1.0,4000
3468,Khilkhet,4,English Medium,Chemistry,4,1.0,5000
3469,Rampura,10,English Version,All Subjects,6,2.0,15500
3470,Badda,10,Bangla,Physics,3,1.5,6000
3471,Badda,7,English Medium,ICT,3,1.0,4500
3472,Gulshan,6,English Version,All Subjects,3,1.0,5000
3473,Mirpur,5,Bangla,Math,5,2.0,8500
3474,Rampura,6,English Medium,Bangla,2,1.0,2500
3475,Middle Badda,7,Bangla,General Science,5,2.0,9000
3476,Mirpur,3,Bangla,Math,5,1.5,5500
3477,Mirpur,11,Bangla,Physics,5,2.0,12000
3478,Banani,10,Bangla,ICT,5,1.0,7500
3479,Banani,8,Bangla,ICT,3,2.5,12500
3480,Mirpur,8,Bangla,All Subjects,5,2.0,10000
3481,Uttara,12,Bangla,ICT,2,2.5,10000
3482,Badda,1,Bangla,Bangla,6,2.0,7000
3483,Uttara,5,Bangla,Bangla,2,1.0,2500
3484,Badda,6,Bangla,Biology,2,2.0,5000
3485,Uttara,2,English Version,English,4,1.5,6000
3486,Gulshan,9,English Medium,General Science,6,2.5,24500
3487,Mirpur,8,English Version,Bangla,4,2.0,8500
3488,Uttara,2,English Version,Physics,4,2.0,9500
3489,Mohakhali,2,English Version,Math,4,3.0,12500
3490,Gulshan,7,English Version,ICT,6,1.5,13500
3491,Badda,3,English Version,All Subjects,5,2.0,9000
3492,Shahbag,1,Bangla,General Science,6,2.0,9000
3493,Mirpur,1,English Medium,Biology,6,2.0,10500
3494,Mohakhali,4,English Version,All Subjects,3,2.0,8500
3495,Khilkhet,8,Bangla,Bangla,2,3.0,7500
3496,Middle Badda,3,English Version,Bangla,4,2.0,7500
3497,New Market,6,English Version,English,6,2.5,13500
3498,Uttara,3,Bangla,Biology,2,1.0,2500
3499,Notun Bazar,12,English Version,ICT,3,2.0,9500
3500,Mohakhali,7,Bangla,Chemistry,3,1.0,4000
3501,Uttara,3,Bangla,Chemistry,2,2.0,5500
3502,Uttara,10,Bangla,Math,6,2.5,17500
3503,Khilkhet,8,Bangla,ICT,5,1.0,5000
3504,Notun Bazar,1,English Medium,Biology,5,1.5,7000
3505,Middle Badda,5,English Version,Math,3,3.0,9500
3506,Khilkhet,2,English Version,Physics,4,1.5,6000
3507,Uttara,3,Bangla,General Science,2,1.0,2500
3508,Badda,7,English Medium,Math,5,1.0,6500
3509,Uttara,8,English Version,Math,4,2.5,13000
3510,Banani,11,English Version,Math,5,2.5,22000
3511,Rampura,5,Bangla,All Subjects,4,1.0,3500
3512,Notun Bazar,4,English Version,Physics,4,2.5,10500
3513,Rampura,11,Bangla,Physics,2,1.5,5500
3514,Badda,7,Bangla,Chemistry,4,1.0,5000
3515,Mirpur,3,English Medium,English,5,2.0,8500
3516,Mirpur,2,English Medium,Physics,5,1.5,7000
3517,New Market,7,English Version,General Science,5,1.0,5000
3518,Khilkhet,4,English Version,Chemistry,3,3.0,12500
3519,Mirpur,7,English Version,General Science,4,2.0,7500
3520,Mohakhali,8,Bangla,English,5,3.0,16500
3521,Badda,3,Bangla,Bangla,2,1.5,3000
3522,Badda,8,Bangla,Chemistry,2,2.5,7000
3523,Mirpur,6,Bangla,Biology,3,3.0,10000
3524,Shahbag,5,Bangla,Math,3,2.0,7500
3525,Mohakhali,6,English Version,ICT,3,2.5,10500
3526,Gulshan,5,English Version,Bangla,3,3.0,12500
3527,Khilkhet,5,Bangla,Math,2,3.0,7500
3528,Mohakhali,6,English Version,Biology,5,2.0,11500
3529,Rampura,12,Bangla,Biology,6,3.0,18500
3530,Gulshan,10,English Version,General Science,6,1.0,8500
3531,Rampura,1,Bangla,ICT,2,2.0,3500
3532,Mohakhali,9,Bangla,Physics,5,1.0,6500
3533,Rampura,2,English Version,General Science,4,2.5,8000
3534,Rampura,8,Bangla,ICT,3,2.5,9000
3535,Banani,6,English Version,English,6,2.0,15500
3536,Khilkhet,10,English Version,Math,3,2.5,11000
3537,Khilkhet,3,English Version,English,2,3.0,7000
3538,Gulshan,12,English Version,All Subjects,5,1.0,9500
3539,Badda,6,Bangla,ICT,2,2.0,5500
3540,Badda,12,Bangla,Chemistry,5,3.0,19000
3541,Badda,1,Bangla,General Science,3,1.0,2500
3542,Middle Badda,12,English Version,English,6,1.5,10000
3543,Uttara,7,Bangla,General Science,6,2.0,12500
3544,Shahbag,1,English Version,General Science,6,3.0,14000
3545,Badda,9,English Version,Math,5,2.5,15000
3546,Shahbag,7,Bangla,Bangla,6,3.0,17500
3547,Mohakhali,8,English Medium,Math,4,2.0,13000
3548,New Market,11,Bangla,Bangla,3,1.0,4000
3549,Gulshan,5,English Version,All Subjects,5,1.0,7500
3550,Rampura,11,English Version,Math,5,2.5,14500
3551,Gulshan,2,Bangla,Bangla,6,1.0,5000
3552,Shahbag,10,Bangla,All Subjects,6,1.0,7500
3553,Shahbag,9,English Medium,General Science,2,3.0,10500
3554,Khilkhet,6,English Medium,Physics,3,2.5,10500
3555,Khilkhet,1,English Version,Chemistry,6,2.0,9500
3556,Shahbag,5,Bangla,Physics,6,3.0,18500
3557,New Market,4,English Medium,English,3,2.0,7000
3558,New Market,10,English Version,English,4,2.0,11000
3559,Shahbag,7,Bangla,ICT,6,1.5,8000
3560,Notun Bazar,9,Bangla,Math,4,2.0,10000
3561,Mohakhali,3,English Medium,Chemistry,3,3.0,14000
3562,Khilkhet,5,English Version,Physics,2,1.5,5000
3563,Khilkhet,11,English Version,English,5,3.0,17500
3564,Middle Badda,9,English Medium,Math,5,2.5,17500
3565,Mirpur,11,Bangla,English,4,3.0,13000
3566,Gulshan,2,Bangla,Chemistry,6,1.5,10500
3567,New Market,9,Bangla,Math,3,2.5,10000
3568,Banani,8,Bangla,Bangla,5,2.0,10500
3569,Gulshan,4,Bangla,All Subjects,2,3.0,10500
3570,Banani,8,Bangla,Bangla,6,1.5,10500
3571,Rampura,9,Bangla,Chemistry,4,3.0,14000
3572,Gulshan,11,English Medium,General Science,3,3.0,19500
3573,Shahbag,6,English Medium,Bangla,5,2.0,10500
3574,Rampura,9,Bangla,English,6,2.5,15000
3575,Uttara,8,Bangla,Bangla,2,3.0,8000
3576,Uttara,1,Bangla,English,5,1.0,4000
3577,Uttara,7,Bangla,Chemistry,4,2.0,9500
3578,Shahbag,7,English Version,Bangla,4,2.0,10000
3579,New Market,8,English Medium,English,3,1.0,4500
3580,Mirpur,11,English Medium,Bangla,4,1.5,8000
3581,Notun Bazar,4,Bangla,Math,6,1.0,5500
3582,Uttara,4,English Version,Physics,2,1.5,5000
3583,Mirpur,10,English Version,Math,3,3.0,12000
3584,Middle Badda,1,Bangla,Chemistry,3,2.5,6500
3585,Khilkhet,5,Bangla,Biology,3,2.5,8000
3586,Banani,12,English Version,General Science,4,2.0,14500
3587,Badda,7,English Version,Chemistry,6,3.0,18500
3588,Notun Bazar,12,English Version,General Science,3,3.0,13500
3589,Khilkhet,7,Bangla,Physics,3,1.5,5500
3590,Rampura,7,English Version,All Subjects,5,2.0,12000
3591,Uttara,6,English Version,General Science,3,1.5,6000
3592,Mirpur,3,English Version,ICT,3,1.5,5000
3593,Shahbag,10,Bangla,ICT,5,2.5,13500
3594,Middle Badda,10,English Version,Bangla,3,2.0,7500
3595,Shahbag,10,English Version,Bangla,6,3.0,22000
3596,Khilkhet,9,Bangla,Biology,6,2.5,17500
3597,Rampura,9,English Version,General Science,5,3.0,15500
3598,Rampura,1,Bangla,Physics,4,3.0,9000
3599,Mohakhali,5,English Medium,Physics,2,2.0,7000
3600,Mohakhali,12,Bangla,English,3,1.5,6500
3601,Gulshan,1,English Medium,Chemistry,4,1.0,6000
3602,New Market,12,English Version,ICT,3,3.0,15000
3603,Banani,5,English Version,Physics,2,2.0,8000
3604,Shahbag,2,Bangla,English,2,1.5,3500
3605,Shahbag,8,Bangla,All Subjects,5,1.5,8000
3606,Shahbag,9,Bangla,Biology,5,2.0,11000
3607,New Market,12,Bangla,Math,4,3.0,17000
3608,New Market,3,Bangla,Bangla,3,2.0,5500
3609,Gulshan,10,English Medium,ICT,5,3.0,30000
3610,Banani,10,English Medium,All Subjects,6,2.5,25500
3611,Shahbag,9,English Medium,Math,4,2.5,15500
3612,Gulshan,2,English Version,Biology,3,1.0,4000
3613,Rampura,7,Bangla,All Subjects,5,3.0,15000
3614,Middle Badda,3,English Version,Chemistry,2,2.0,5000
3615,Mirpur,8,Bangla,Bangla,4,1.5,6000
3616,New Market,4,English Version,Biology,5,1.0,4500
3617,Middle Badda,8,English Version,Bangla,2,2.5,7500
3618,Notun Bazar,1,Bangla,English,6,1.5,6500
3619,Uttara,12,Bangla,English,6,1.5,11000
3620,Badda,4,English Version,Physics,4,1.5,7000
3621,Mirpur,5,English Version,Chemistry,6,3.0,15500
3622,Mirpur,8,Bangla,General Science,6,2.5,13500
3623,Badda,6,English Medium,Math,5,2.5,13500
3624,Shahbag,2,English Version,Math,6,2.0,9500
3625,Khilkhet,4,English Medium,Bangla,6,3.0,16500
3626,Mirpur,6,Bangla,Chemistry,2,3.0,8500
3627,Mohakhali,6,English Version,Biology,4,3.0,16500
3628,Khilkhet,12,English Version,Biology,5,2.0,13500
3629,Shahbag,7,English Version,Physics,6,1.0,8000
3630,Gulshan,11,English Version,General Science,2,1.0,4500
3631,Shahbag,4,English Medium,Math,4,2.0,10500
3632,Banani,9,Bangla,Math,3,3.0,15500
3633,Khilkhet,9,Bangla,English,6,1.0,6000
3634,Shahbag,7,Bangla,Bangla,2,1.5,4000
3635,Mohakhali,9,Bangla,Chemistry,2,2.5,9000
3636,Gulshan,3,Bangla,Bangla,6,2.0,10000
3637,Rampura,5,English Version,Physics,3,1.5,5500
3638,Rampura,3,Bangla,Physics,6,2.5,12000
3639,Gulshan,9,English Medium,Math,5,2.5,20000
3640,Khilkhet,10,English Version,Math,6,1.5,10000
3641,New Market,12,Bangla,English,6,2.0,14000
3642,Banani,2,Bangla,Bangla,5,2.5,10000
3643,Notun Bazar,9,Bangla,Biology,6,1.0,6500
3644,Rampura,4,Bangla,English,2,3.0,7000
3645,Gulshan,5,English Medium,Bangla,3,1.0,4500
3646,Shahbag,8,English Version,General Science,5,2.0,11500
3647,Mirpur,5,English Version,Math,6,1.5,8500
3648,Badda,2,Bangla,English,4,2.5,8000
3649,Shahbag,10,Bangla,Physics,6,2.0,14500
3650,Middle Badda,7,English Medium,Bangla,5,1.5,7500
3651,Khilkhet,10,Bangla,Math,4,1.5,8000
3652,Uttara,12,Bangla,All Subjects,4,1.0,6000
3653,Middle Badda,9,English Medium,Math,3,2.5,11500
3654,Gulshan,6,English Medium,Math,5,1.5,10500
3655,Rampura,4,Bangla,Math,4,1.0,3500
3656,Mohakhali,11,Bangla,ICT,4,1.0,5500
3657,Shahbag,2,Bangla,Physics,6,1.0,5000
3658,Uttara,1,English Version,Physics,2,1.5,4000
3659,Gulshan,10,Bangla,Bangla,3,2.5,12500
3660,Shahbag,8,English Version,Biology,3,1.0,4500
3661,Uttara,7,Bangla,All Subjects,5,1.0,5500
3662,Middle Badda,6,English Medium,General Science,4,2.0,9000
3663,Mirpur,11,English Version,Bangla,2,2.0,5500
3664,Mohakhali,10,Bangla,Chemistry,4,1.5,8500
3665,Banani,9,Bangla,All Subjects,2,3.0,12500
3666,Notun Bazar,11,Bangla,Physics,4,2.0,11500
3667,Rampura,7,Bangla,Bangla,6,2.0,9000
3668,Middle Badda,10,English Version,Biology,5,2.5,14000
3669,Rampura,2,English Version,Bangla,4,3.0,9500
3670,Middle Badda,1,Bangla,Bangla,5,2.5,7000
3671,Badda,6,English Version,English,4,3.0,12000
3672,Banani,6,English Medium,Math,2,2.5,10000
3673,Khilkhet,11,English Medium,ICT,5,1.0,7000
3674,Gulshan,6,English Version,Math,4,1.5,8500
3675,Mirpur,2,Bangla,Biology,4,2.5,8000
3676,Gulshan,12,Bangla,Chemistry,4,1.5,10000
3677,Notun Bazar,12,English Medium,General Science,6,1.0,8000
3678,Middle Badda,2,English Version,English,6,3.0,13500
3679,Rampura,12,English Medium,ICT,6,1.5,12000
3680,Rampura,2,English Version,Physics,4,3.0,11500
3681,New Market,11,English Version,ICT,6,1.0,7500
3682,Middle Badda,1,English Version,Physics,5,2.5,11500
3683,Banani,9,Bangla,Math,2,3.0,10500
3684,Gulshan,10,Bangla,General Science,3,1.5,7000
3685,Uttara,12,English Version,General Science,3,1.5,7000
3686,Rampura,5,Bangla,Bangla,6,1.5,6500
3687,Uttara,7,English Medium,General Science,5,3.0,21000
3688,New Market,3,Bangla,General Science,5,1.5,6000
3689,Khilkhet,3,Bangla,All Subjects,4,1.5,5000
3690,Badda,11,Bangla,English,4,1.0,4000
3691,Shahbag,4,Bangla,Bangla,6,2.0,9000
3692,Badda,5,English Version,English,6,3.0,16000
3693,Shahbag,1,English Version,General Science,4,2.0,7500
3694,Notun Bazar,5,English Version,Bangla,5,1.0,5000
3695,Middle Badda,6,Bangla,English,3,3.0,10000
3696,Banani,1,Bangla,ICT,4,1.5,5500
3697,Uttara,3,English Version,ICT,3,1.5,5500
3698,Middle Badda,8,Bangla,English,5,3.0,14500
3699,Gulshan,7,Bangla,Chemistry,5,1.0,7500
3700,Middle Badda,1,Bangla,Biology,2,1.5,3000
3701,Gulshan,6,English Version,Bangla,6,3.0,23000
3702,Uttara,11,Bangla,Math,5,2.0,13500
3703,Uttara,8,Bangla,ICT,5,2.0,11500
3704,Rampura,8,Bangla,Biology,6,1.0,6500
3705,Rampura,3,Bangla,Math,3,2.5,6500
3706,Mohakhali,11,English Medium,ICT,4,2.5,18000
3707,Mirpur,10,Bangla,Biology,6,2.5,15500
3708,Badda,2,English Version,Physics,6,3.0,16000
3709,Khilkhet,10,English Version,Chemistry,6,1.0,7500
3710,Khilkhet,9,Bangla,Biology,4,1.0,5000
3711,Shahbag,12,English Version,Physics,3,2.5,14500
3712,Rampura,5,Bangla,Bangla,3,3.0,8000
3713,Rampura,2,Bangla,Bangla,6,3.0,12000
3714,Mohakhali,11,Bangla,English,4,3.0,15000
3715,Notun Bazar,4,Bangla,Math,2,1.5,4000
3716,Rampura,12,English Version,Bangla,3,1.5,6500
3717,Mohakhali,12,English Medium,General Science,4,1.5,11000
3718,New Market,3,Bangla,General Science,6,2.5,10000
3719,Mohakhali,9,English Version,Bangla,3,2.5,10500
3720,Mohakhali,11,English Version,Biology,6,2.0,16000
3721,Mohakhali,1,Bangla,English,3,2.0,5500
3722,Notun Bazar,7,Bangla,All Subjects,4,2.5,10500
3723,New Market,6,English Version,General Science,6,2.0,12000
3724,Rampura,4,English Medium,All Subjects,3,1.0,4500
3725,Middle Badda,3,Bangla,English,2,3.0,5500
3726,Uttara,7,Bangla,ICT,3,1.0,3500
3727,Notun Bazar,6,English Medium,General Science,6,2.5,17500
3728,Notun Bazar,8,English Version,All Subjects,5,2.0,12500
3729,Notun Bazar,8,Bangla,Bangla,4,2.5,10000
3730,Gulshan,1,Bangla,All Subjects,5,2.0,10500
3731,Rampura,9,English Medium,Chemistry,2,2.0,7000
3732,Rampura,6,Bangla,English,3,1.5,5000
3733,Mirpur,5,Bangla,All Subjects,6,3.0,15500
3734,Mirpur,1,Bangla,Physics,3,3.0,7500
3735,Mohakhali,7,Bangla,Physics,4,2.5,14000
3736,Khilkhet,2,English Version,Physics,5,1.5,6500
3737,Shahbag,5,English Version,Chemistry,3,1.5,6000
3738,Rampura,1,Bangla,Biology,2,3.0,6500
3739,Mohakhali,4,Bangla,Chemistry,2,1.5,4000
3740,Shahbag,1,English Version,ICT,2,3.0,7500
3741,Middle Badda,10,English Medium,Bangla,4,2.0,11500
3742,Mohakhali,5,Bangla,Biology,5,3.0,15000
3743,Gulshan,5,Bangla,Math,5,1.5,8500
3744,Rampura,12,English Version,All Subjects,2,3.0,11500
3745,New Market,11,English Medium,Chemistry,2,2.0,9000
3746,New Market,9,Bangla,ICT,2,1.5,5000
3747,Mirpur,5,Bangla,Math,3,1.0,3000
3748,Mohakhali,10,English Medium,Bangla,4,3.0,17000
3749,Gulshan,8,Bangla,Chemistry,3,1.0,5000
3750,Shahbag,12,Bangla,General Science,5,2.0,12000
3751,Middle Badda,6,English Version,English,4,1.0,4000
3752,Rampura,12,Bangla,All Subjects,3,1.5,6000
3753,Mohakhali,12,Bangla,Biology,6,2.5,21000
3754,Mirpur,2,English Version,Bangla,3,1.5,3500
3755,Rampura,1,English Version,Biology,6,2.5,12000
3756,Mirpur,3,English Version,General Science,4,3.0,9500
3757,Middle Badda,4,English Version,ICT,5,1.5,7500
3758,Badda,11,English Medium,English,4,1.0,6000
3759,Mohakhali,2,English Version,All Subjects,3,2.0,8000
3760,Rampura,6,English Version,Chemistry,5,3.0,17000
3761,Gulshan,7,English Medium,Physics,3,2.5,16500
3762,Badda,11,English Version,General Science,6,3.0,22000
3763,Gulshan,3,English Medium,Physics,5,3.0,20000
3764,Khilkhet,7,Bangla,Chemistry,6,2.5,14000
3765,Mohakhali,5,English Version,General Science,6,2.0,12500
3766,Banani,11,English Version,ICT,5,2.0,16000
3767,Shahbag,9,Bangla,All Subjects,6,3.0,22000
3768,Middle Badda,12,Bangla,All Subjects,2,2.0,7000
3769,Notun Bazar,8,English Version,All Subjects,6,2.0,14000
3770,Shahbag,12,English Version,Bangla,5,3.0,18000
3771,Mirpur,9,English Version,ICT,3,3.0,10500
3772,Uttara,1,English Version,ICT,2,1.5,3500
3773,Rampura,11,Bangla,English,6,1.0,6000
3774,Notun Bazar,12,Bangla,All Subjects,2,1.5,6000
3775,New Market,9,English Version,ICT,2,3.0,11000
3776,Gulshan,11,English Version,Math,5,2.5,22000
3777,Shahbag,1,English Medium,Math,5,3.0,13500
3778,Middle Badda,3,English Version,Bangla,5,3.0,12000
3779,Badda,4,Bangla,All Subjects,5,2.0,9000
3780,Middle Badda,1,Bangla,Biology,2,2.5,5000
3781,Middle Badda,9,English Version,All Subjects,3,1.5,6500
3782,Khilkhet,8,Bangla,General Science,5,1.5,8000
3783,Uttara,11,English Medium,Physics,2,2.0,9500
3784,New Market,1,English Version,Biology,5,1.0,4000
3785,New Market,2,English Version,Physics,6,2.0,11500
3786,Mirpur,5,Bangla,Biology,6,3.0,14000
3787,Banani,5,Bangla,General Science,2,1.0,3000
3788,Badda,11,English Version,Math,3,2.5,11000
3789,Middle Badda,2,Bangla,ICT,6,3.0,11500
3790,Gulshan,10,English Version,General Science,6,2.5,22500
3791,Uttara,4,English Version,Chemistry,4,2.0,10000
3792,Mirpur,5,Bangla,General Science,6,2.0,8000
3793,Badda,7,English Version,ICT,4,1.0,4000
3794,Badda,3,English Version,General Science,3,2.5,7500
3795,Badda,2,Bangla,General Science,4,2.5,8000
3796,Uttara,10,English Medium,Bangla,5,1.5,9500
3797,Rampura,9,English Version,Physics,2,1.5,5500
3798,Banani,6,English Version,Chemistry,3,1.5,7500
3799,Mirpur,2,Bangla,Biology,2,3.0,6000
3800,Khilkhet,5,English Version,ICT,5,1.0,5500
3801,Badda,5,Bangla,ICT,5,2.0,8500
3802,Khilkhet,2,Bangla,Biology,6,2.0,9500
3803,New Market,8,Bangla,English,5,1.0,5000
3804,Notun Bazar,1,English Medium,Bangla,2,3.0,7000
3805,Rampura,10,English Version,Chemistry,2,1.5,6000
3806,Mirpur,5,English Version,ICT,2,3.0,7500
3807,Mohakhali,4,English Version,General Science,4,1.0,4500
3808,Uttara,10,English Version,Bangla,6,2.5,17000
3809,New Market,4,English Medium,Math,3,2.5,10500
3810,New Market,6,English Medium,Math,6,3.0,20000
3811,Uttara,2,English Version,Physics,5,2.5,13000
3812,Banani,10,English Version,ICT,5,2.5,21500
3813,Gulshan,3,English Medium,ICT,3,2.0,9000
3814,Gulshan,3,English Version,Bangla,3,1.5,5500
3815,Shahbag,9,Bangla,Physics,5,2.5,15500
3816,Rampura,8,Bangla,Math,2,2.5,7500
3817,Shahbag,2,Bangla,Chemistry,4,2.5,9000
3818,Mirpur,1,English Version,Physics,3,2.0,5000
3819,Mirpur,7,English Medium,ICT,4,1.5,7500
3820,Rampura,1,Bangla,ICT,3,2.5,6500
3821,Rampura,4,Bangla,Biology,5,3.0,13500
3822,Notun Bazar,10,English Version,Bangla,5,2.5,14000
3823,Mirpur,2,Bangla,Math,2,1.5,3000
3824,Mohakhali,6,Bangla,Bangla,4,2.0,7500
3825,Khilkhet,4,English Version,Chemistry,4,2.0,10000
3826,Rampura,8,Bangla,All Subjects,6,1.5,9500
3827,Mirpur,8,English Version,Physics,2,2.0,7000
3828,Mirpur,7,English Version,English,4,2.5,10000
3829,Badda,3,Bangla,English,4,3.0,9500
3830,Mohakhali,8,English Version,Biology,3,1.0,4500
3831,Khilkhet,1,Bangla,Biology,4,1.5,5000
3832,New Market,7,Bangla,All Subjects,3,1.0,4000
3833,Notun Bazar,9,Bangla,English,6,2.5,16000
3834,Banani,5,Bangla,English,4,1.0,5000
3835,Mirpur,4,Bangla,All Subjects,5,1.5,6500
3836,Gulshan,8,English Version,English,6,2.5,19000
3837,Shahbag,11,Bangla,All Subjects,4,2.5,14000
3838,Notun Bazar,8,English Version,ICT,6,1.0,6000
3839,Rampura,10,English Version,Physics,2,2.0,8000
3840,Uttara,12,English Version,Math,5,1.0,7000
3841,Badda,1,Bangla,All Subjects,5,2.0,8500
3842,Khilkhet,6,English Medium,Math,4,1.5,7000
3843,Khilkhet,2,Bangla,Bangla,2,2.5,5000
3844,Gulshan,2,Bangla,Chemistry,4,3.0,14500
3845,Gulshan,2,English Medium,ICT,5,1.5,9000
3846,Khilkhet,9,Bangla,Bangla,3,2.0,6500
3847,Notun Bazar,4,English Medium,Bangla,3,1.5,4500
3848,Rampura,3,English Version,English,6,1.0,5000
3849,Banani,4,Bangla,Chemistry,3,1.5,6500
3850,Badda,4,English Version,Biology,3,3.0,10000
3851,Banani,4,Bangla,Chemistry,4,2.5,13000
3852,Notun Bazar,3,Bangla,Bangla,6,2.5,10000
3853,Mirpur,10,Bangla,Math,3,2.0,7500
3854,Rampura,7,Bangla,Bangla,2,3.0,8000
3855,Badda,7,English Version,General Science,3,2.0,7500
3856,Mohakhali,11,English Version,Bangla,6,2.5,20000
3857,Notun Bazar,7,English Version,English,4,1.5,7500
3858,Rampura,6,English Version,English,4,2.5,11000
3859,Rampura,3,Bangla,Physics,6,1.0,5000
3860,Rampura,7,Bangla,Chemistry,5,2.0,10000
3861,Rampura,10,English Version,Bangla,4,2.5,12000
3862,Mirpur,7,Bangla,Biology,3,2.0,6500
3863,Shahbag,12,English Version,ICT,3,3.0,15500
3864,Notun Bazar,12,Bangla,Chemistry,3,2.5,12000
3865,Shahbag,3,Bangla,Biology,5,1.0,4000
3866,Middle Badda,11,English Version,ICT,3,3.0,14500
3867,Notun Bazar,5,Bangla,Chemistry,5,3.0,14500
3868,Khilkhet,7,Bangla,Math,5,1.0,5000
3869,Mohakhali,3,Bangla,General Science,6,1.5,7500
3870,Mohakhali,11,Bangla,English,4,1.5,8000
3871,Mohakhali,2,Bangla,All Subjects,3,2.5,7500
3872,Badda,1,English Version,Physics,5,1.5,6500
3873,Middle Badda,12,Bangla,Math,2,2.0,6500
3874,Rampura,8,English Medium,Math,6,1.5,10500
3875,Mirpur,10,Bangla,Bangla,2,2.0,5000
3876,Badda,10,English Version,General Science,5,1.5,8500
3877,Mirpur,3,English Version,Bangla,5,2.0,7500
3878,Rampura,4,English Medium,Physics,6,1.0,6500
3879,Khilkhet,10,English Medium,Chemistry,2,1.5,6500
3880,Shahbag,5,English Version,English,2,1.5,4500
3881,Khilkhet,7,English Version,General Science,2,3.0,9000
3882,New Market,1,Bangla,All Subjects,3,1.5,4000
3883,Shahbag,2,Bangla,ICT,2,1.5,3500
3884,Shahbag,1,Bangla,Physics,6,3.0,14000
3885,Shahbag,1,English Version,English,3,1.5,4000
3886,Mirpur,4,English Version,ICT,5,1.5,7000
3887,Mirpur,9,English Version,Chemistry,2,3.0,10000
3888,Khilkhet,5,Bangla,Math,2,2.5,6500
3889,Badda,1,Bangla,Chemistry,6,1.0,4000
3890,Gulshan,5,English Version,English,2,1.0,4000
3891,New Market,3,English Medium,Math,3,3.0,11000
3892,Rampura,7,English Medium,ICT,6,1.0,7000
3893,Banani,10,English Version,Physics,4,1.5,10000
3894,Badda,5,English Version,Biology,4,3.0,12500
3895,Uttara,1,Bangla,Physics,2,2.5,5500
3896,Middle Badda,10,English Medium,English,5,3.0,17500
3897,Mohakhali,7,Bangla,Biology,5,1.0,6000
3898,Banani,8,Bangla,Bangla,2,3.0,10500
3899,Gulshan,3,Bangla,General Science,2,1.5,4500
3900,Mohakhali,9,English Version,English,4,1.0,5000
3901,Mohakhali,8,English Medium,Chemistry,4,1.5,11000
3902,Khilkhet,2,English Version,Physics,5,2.5,13000
3903,Notun Bazar,8,Bangla,ICT,3,3.0,10000
3904,Mohakhali,2,Bangla,General Science,4,3.0,11500
3905,New Market,7,Bangla,Chemistry,3,1.5,6000
3906,Banani,6,Bangla,Math,2,1.5,4500
3907,Notun Bazar,4,Bangla,ICT,6,2.5,13500
3908,Uttara,7,Bangla,All Subjects,4,2.0,10000
3909,Notun Bazar,3,English Version,General Science,4,1.0,3500
3910,New Market,6,Bangla,English,5,3.0,13500
3911,Khilkhet,10,Bangla,All Subjects,4,2.5,13000
3912,Mirpur,9,English Version,Physics,2,1.0,3500
3913,Shahbag,11,English Version,Biology,5,2.5,17500
3914,New Market,7,Bangla,Biology,6,2.0,13000
3915,Uttara,8,English Version,English,5,1.5,9000
3916,Uttara,11,Bangla,Biology,2,2.0,7500
3917,Gulshan,8,Bangla,Math,2,2.0,8000
3918,New Market,5,Bangla,Physics,2,2.5,7000
3919,Rampura,3,Bangla,All Subjects,5,1.0,4500
3920,Gulshan,11,English Medium,ICT,5,3.0,29000
3921,New Market,5,English Medium,English,5,1.5,8000
3922,Gulshan,8,Bangla,Physics,6,1.0,8000
3923,New Market,3,Bangla,Bangla,6,1.5,6000
3924,Mohakhali,3,Bangla,All Subjects,4,2.5,10000
3925,Uttara,9,Bangla,Chemistry,2,1.0,3500
3926,Gulshan,12,English Version,Chemistry,5,3.0,31000
3927,Badda,6,English Medium,English,2,1.5,4500
3928,Gulshan,6,Bangla,General Science,3,1.5,6500
3929,Mohakhali,10,Bangla,Math,5,2.0,11500
3930,Khilkhet,11,Bangla,General Science,6,1.0,6500
3931,Middle Badda,9,Bangla,Bangla,6,1.0,5500
3932,Gulshan,5,Bangla,Chemistry,4,1.5,8000
3933,Shahbag,6,English Medium,Bangla,6,1.0,7000
3934,Mirpur,5,English Version,ICT,5,2.0,9500
3935,New Market,3,English Version,Bangla,2,3.0,7500
3936,Shahbag,4,Bangla,Physics,4,2.5,11500
3937,Mohakhali,11,English Version,Math,3,2.5,13000
3938,Banani,11,Bangla,Physics,6,2.5,22000
3939,Badda,12,Bangla,Math,4,2.0,10000
3940,Notun Bazar,8,English Version,Chemistry,2,3.0,11500
3941,Uttara,10,English Medium,Math,5,3.0,25500
3942,Shahbag,11,Bangla,Chemistry,4,1.5,8500
3943,Mohakhali,7,Bangla,English,2,2.5,7000
3944,Middle Badda,4,Bangla,Chemistry,4,2.5,10500
3945,Banani,7,Bangla,General Science,5,1.0,6500
3946,Rampura,11,English Version,Chemistry,6,3.0,21500
3947,Notun Bazar,4,English Version,All Subjects,4,1.5,7000
3948,Rampura,10,English Version,ICT,4,2.0,10000
3949,Middle Badda,3,Bangla,Math,6,2.0,9500
3950,Badda,12,Bangla,Chemistry,3,1.5,6500
3951,Gulshan,1,Bangla,General Science,3,2.0,6000
3952,Notun Bazar,6,Bangla,ICT,6,1.0,5500
3953,Notun Bazar,6,English Version,Math,5,1.5,8500
3954,Shahbag,7,Bangla,Chemistry,3,2.0,8000
3955,Badda,4,Bangla,Bangla,6,2.0,9000
3956,Mirpur,6,Bangla,Physics,2,2.0,5500
3957,Uttara,9,Bangla,Math,4,1.0,5500
3958,Uttara,10,Bangla,Bangla,6,3.0,17500
3959,Uttara,2,English Version,Bangla,6,1.5,8000
3960,Gulshan,5,Bangla,General Science,6,1.5,10500
3961,Notun Bazar,11,Bangla,Bangla,5,2.5,13500
3962,Middle Badda,1,Bangla,Bangla,4,1.0,3000
3963,Banani,4,English Version,All Subjects,2,2.0,7500
3964,Notun Bazar,1,Bangla,Math,5,1.0,4000
3965,Gulshan,2,English Version,Physics,3,2.0,9000
3966,Middle Badda,10,English Version,Math,2,1.0,3500
3967,Uttara,12,English Version,Biology,5,1.0,7500
3968,Uttara,6,Bangla,Chemistry,5,1.0,6000
3969,Notun Bazar,6,English Medium,Chemistry,2,2.5,9500
3970,Shahbag,3,Bangla,Chemistry,4,1.5,5500
3971,Badda,2,English Medium,General Science,5,3.0,14000
3972,Mirpur,6,Bangla,General Science,4,1.5,5000
3973,Khilkhet,2,English Version,Biology,3,3.0,10000
3974,Banani,2,English Version,General Science,5,2.5,13500
3975,Notun Bazar,1,Bangla,General Science,5,1.0,3000
3976,Shahbag,3,English Version,Biology,5,3.0,14000
3977,New Market,2,English Version,Math,3,1.5,4500
3978,New Market,2,Bangla,All Subjects,5,1.0,4000
3979,Middle Badda,11,Bangla,Biology,3,1.5,6000
3980,New Market,8,Bangla,Biology,6,1.5,8500
3981,Uttara,7,English Version,All Subjects,4,3.0,17000
3982,Badda,8,Bangla,Chemistry,3,3.0,11000
3983,Gulshan,1,Bangla,Physics,5,2.0,11000
3984,Badda,10,English Version,Bangla,3,1.0,3500
3985,Mirpur,7,Bangla,All Subjects,5,2.5,12500
3986,Uttara,8,English Version,All Subjects,4,1.0,6000
3987,Mohakhali,4,English Version,General Science,5,2.0,10500
3988,Notun Bazar,4,English Medium,Bangla,2,1.0,2500
3989,Mirpur,11,English Medium,ICT,4,1.5,9000
3990,Rampura,5,Bangla,General Science,3,2.0,5500
3991,Uttara,8,Bangla,Chemistry,4,2.0,10000
3992,Badda,8,English Medium,Biology,5,2.0,14000
3993,Rampura,10,English Version,ICT,4,3.0,15000
3994,Mirpur,10,Bangla,Bangla,4,3.0,11500
3995,Notun Bazar,2,Bangla,ICT,3,2.0,5000
3996,Rampura,10,Bangla,ICT,4,2.5,11500
3997,Notun Bazar,2,Bangla,Math,5,1.5,6000
3998,Rampura,12,English Version,Physics,4,1.0,6000
3999,Shahbag,4,Bangla,Chemistry,3,1.0,3500
4000,Banani,5,Bangla,Biology,2,1.5,4500
4001,Badda,5,English Medium,General Science,6,1.0,5500
4002,Notun Bazar,8,English Version,General Science,3,2.0,7500
4003,Mohakhali,5,English Version,Math,5,1.0,5500
4004,New Market,10,English Version,English,4,2.5,13000
4005,Uttara,4,Bangla,Bangla,2,3.0,7500
4006,Mirpur,6,Bangla,ICT,5,2.5,11500
4007,Middle Badda,1,Bangla,ICT,3,1.5,4000
4008,Mohakhali,7,Bangla,English,2,1.5,4500
4009,Uttara,1,English Version,Math,6,2.0,10500
4010,Mirpur,3,Bangla,Chemistry,6,1.5,6500
4011,Badda,7,English Version,ICT,2,3.0,8500
4012,Khilkhet,9,English Version,General Science,2,1.5,5000
4013,Notun Bazar,11,English Version,Chemistry,5,3.0,20000
4014,Mohakhali,6,English Medium,Chemistry,6,1.0,7500
4015,Badda,3,Bangla,Biology,2,3.0,7500
4016,Notun Bazar,1,English Version,Math,2,1.0,2500
4017,Mirpur,7,Bangla,Biology,6,1.0,5500
4018,Gulshan,4,English Medium,All Subjects,6,1.0,8500
4019,New Market,2,Bangla,Math,4,1.5,4500
4020,Rampura,7,English Medium,Biology,2,1.5,5500
4021,Badda,9,English Version,English,4,3.0,14500
4022,Middle Badda,5,English Version,Biology,6,1.0,5500
4023,Shahbag,11,Bangla,ICT,6,2.0,13500
4024,Middle Badda,2,English Version,General Science,6,2.0,8000
4025,Shahbag,1,Bangla,General Science,2,2.5,5500
4026,Mohakhali,12,English Version,Physics,5,1.0,8000
4027,Banani,6,English Version,ICT,5,3.0,22000
4028,Banani,2,English Version,General Science,5,2.5,12500
4029,Khilkhet,12,English Version,Physics,3,2.5,12000
4030,Gulshan,12,Bangla,Math,4,3.0,19000
4031,Badda,5,Bangla,All Subjects,2,3.0,7500
4032,Notun Bazar,8,English Version,All Subjects,4,1.5,8000
4033,Badda,4,English Version,All Subjects,3,2.0,6500
4034,Rampura,11,Bangla,General Science,5,2.0,10500
4035,Banani,11,Bangla,Chemistry,5,2.5,20000
4036,Shahbag,4,Bangla,Physics,2,1.5,4500
4037,Notun Bazar,4,Bangla,General Science,3,2.5,7500
4038,Rampura,10,English Version,Physics,4,2.0,10000
4039,Notun Bazar,12,English Version,Bangla,4,1.5,8500
4040,Notun Bazar,5,Bangla,Physics,2,3.0,8500
4041,Badda,1,English Version,General Science,3,1.0,2500
4042,Badda,9,English Medium,Bangla,5,2.5,14500
4043,Khilkhet,2,Bangla,All Subjects,4,1.5,5500
4044,Khilkhet,12,English Version,All Subjects,5,1.5,10000
4045,Shahbag,1,Bangla,English,3,1.0,2500
4046,Uttara,12,English Medium,Bangla,3,2.0,11000
4047,Middle Badda,4,English Medium,Math,4,2.5,11500
4048,Khilkhet,11,Bangla,General Science,2,3.0,10000
4049,Khilkhet,7,English Medium,General Science,2,2.5,8000
4050,Shahbag,7,Bangla,ICT,5,2.5,13000
4051,Gulshan,10,English Version,ICT,6,1.5,13000
4052,Mirpur,1,Bangla,Biology,3,1.5,4000
4053,Mirpur,3,English Medium,ICT,4,1.5,6500
4054,Shahbag,4,English Medium,Bangla,3,1.0,3500
4055,Mirpur,4,English Medium,Math,5,1.0,4500
4056,Mirpur,8,English Version,ICT,2,1.0,3000
4057,New Market,10,Bangla,Biology,2,1.0,3000
4058,Rampura,12,English Version,Bangla,5,1.0,5500
4059,Gulshan,3,Bangla,All Subjects,6,1.5,10500
4060,Middle Badda,6,English Version,All Subjects,3,1.5,5500
4061,Mohakhali,9,English Version,Biology,5,1.0,7000
4062,Banani,5,English Version,General Science,6,1.0,7500
4063,Rampura,4,English Medium,All Subjects,5,2.5,15000
4064,New Market,4,English Version,Math,3,1.0,3500
4065,Middle Badda,12,Bangla,ICT,5,2.0,10500
4066,Mohakhali,3,Bangla,All Subjects,4,2.0,9000
4067,Shahbag,3,English Medium,General Science,3,2.0,6500
4068,Gulshan,12,English Medium,Bangla,2,3.0,14500
4069,Gulshan,2,Bangla,ICT,2,2.0,5000
4070,Gulshan,9,English Version,Chemistry,3,1.5,9000
4071,Banani,7,English Medium,Physics,2,1.5,8000
4072,Notun Bazar,7,English Version,Physics,5,3.0,19000
4073,Badda,1,Bangla,Math,2,1.0,2500
4074,Mohakhali,10,English Version,English,6,2.5,19000
4075,Khilkhet,1,English Version,Chemistry,6,1.0,5000
4076,New Market,4,Bangla,Chemistry,2,2.0,5500
4077,Shahbag,3,English Version,Math,6,1.5,7500
4078,Mirpur,12,Bangla,General Science,5,2.5,12000
4079,Rampura,7,Bangla,Math,6,1.0,5000
4080,Uttara,11,English Version,All Subjects,2,2.0,9500
4081,Shahbag,5,English Version,Chemistry,5,1.0,6500
4082,Khilkhet,4,Bangla,English,2,2.0,5000
4083,Badda,11,English Version,Physics,2,3.0,11500
4084,Badda,10,Bangla,All Subjects,4,1.5,7000
4085,Shahbag,2,English Version,Bangla,5,3.0,12000
4086,Rampura,12,English Medium,Math,2,2.5,11000
4087,Rampura,8,English Version,English,6,2.5,15000
4088,Uttara,11,English Version,Physics,5,1.5,11500
4089,Mohakhali,11,English Version,Math,2,2.5,11000
4090,New Market,3,English Version,ICT,3,3.0,9000
4091,Rampura,7,Bangla,All Subjects,6,1.0,6000
4092,Khilkhet,4,Bangla,ICT,2,2.5,6500
4093,Notun Bazar,3,Bangla,All Subjects,6,1.0,5000
4094,Shahbag,10,Bangla,Biology,6,3.0,19500
4095,Notun Bazar,6,English Version,General Science,5,1.5,7500
4096,Shahbag,8,Bangla,Math,6,1.5,10000
4097,Notun Bazar,12,English Version,Biology,2,1.0,4500
4098,Mirpur,2,English Version,English,5,2.0,7500
4099,Shahbag,4,English Version,Bangla,6,2.0,11500
4100,Notun Bazar,2,English Version,General Science,2,1.0,2500
4101,Mirpur,9,Bangla,Math,4,1.0,4000
4102,Shahbag,3,Bangla,Bangla,6,2.5,11500
4103,Middle Badda,6,English Version,Math,3,1.0,4000
4104,Shahbag,4,Bangla,English,3,2.0,6500
4105,Banani,11,English Version,Math,5,2.0,15500
4106,Gulshan,7,English Version,Biology,3,1.5,7500
4107,Badda,7,English Version,English,6,1.0,5500
4108,Gulshan,1,English Version,General Science,3,1.0,4000
4109,Mirpur,3,English Medium,ICT,3,2.0,7000
4110,Shahbag,8,Bangla,General Science,4,1.0,4500
4111,Notun Bazar,8,English Medium,English,4,2.0,10500
4112,New Market,10,Bangla,ICT,5,2.0,10500
4113,Rampura,9,English Medium,Physics,4,2.0,11500
4114,Notun Bazar,4,Bangla,English,4,2.5,9000
4115,Mohakhali,9,English Version,ICT,4,3.0,16000
4116,Khilkhet,5,English Version,Chemistry,6,1.5,10000
4117,Notun Bazar,11,English Version,ICT,3,2.5,12500
4118,Badda,7,English Medium,Chemistry,6,2.0,14000
4119,Gulshan,11,English Version,General Science,4,3.0,20500
4120,Mohakhali,10,Bangla,Bangla,5,3.0,17000
4121,New Market,11,Bangla,Physics,5,3.0,20000
4122,Mohakhali,1,Bangla,Chemistry,4,1.0,3500
4123,Khilkhet,1,English Version,All Subjects,4,2.5,9500
4124,Khilkhet,1,Bangla,Physics,4,1.5,5500
4125,Shahbag,4,English Version,General Science,5,1.5,8000
4126,Middle Badda,3,English Version,Biology,4,2.0,8000
4127,New Market,1,Bangla,Math,2,2.5,5000
4128,Mohakhali,6,Bangla,Math,3,1.0,3500
4129,Notun Bazar,1,English Version,All Subjects,2,2.0,5000
4130,Badda,2,Bangla,General Science,6,2.0,8500
4131,New Market,11,English Version,Physics,5,3.0,23000
4132,Notun Bazar,4,Bangla,English,2,1.5,3500
4133,Notun Bazar,10,Bangla,Bangla,5,2.0,9500
4134,Middle Badda,5,Bangla,ICT,5,1.5,7000
4135,Notun Bazar,2,English Version,All Subjects,4,2.5,9500
4136,Badda,9,English Version,Biology,4,2.0,10000
4137,Banani,5,English Version,ICT,2,3.0,11500
4138,New Market,2,English Version,Biology,2,1.0,2500
4139,Mirpur,6,English Version,Biology,3,2.5,9500
4140,Rampura,3,English Version,All Subjects,2,2.5,6500
4141,Badda,8,Bangla,English,3,1.0,3500
4142,Middle Badda,6,English Medium,Bangla,5,2.0,11000
4143,Uttara,7,Bangla,Chemistry,6,1.0,7000
4144,New Market,8,Bangla,Math,6,3.0,19500
4145,Rampura,10,Bangla,ICT,3,1.0,4000
4146,Badda,10,English Version,English,5,2.5,15500
4147,Mirpur,6,Bangla,Biology,6,3.0,15500
4148,Uttara,11,English Version,ICT,5,1.5,11000
4149,Banani,3,English Medium,Physics,4,1.5,9500
4150,Mohakhali,9,English Version,Math,4,3.0,16500
4151,Banani,11,Bangla,Bangla,2,1.5,5500
4152,Badda,7,Bangla,Math,3,3.0,9500
4153,Khilkhet,4,Bangla,Chemistry,3,2.5,8000
4154,Notun Bazar,8,Bangla,Bangla,6,3.0,15000
4155,Khilkhet,6,Bangla,Math,4,2.0,7500
4156,Banani,9,English Medium,Physics,4,1.5,11500
4157,Shahbag,6,Bangla,English,2,1.5,4000
4158,Shahbag,8,English Version,English,4,1.0,5000
4159,New Market,10,Bangla,General Science,6,1.5,9000
4160,Notun Bazar,2,English Medium,Physics,3,3.0,10500
4161,Rampura,3,English Version,English,2,3.0,7000
4162,Shahbag,3,Bangla,All Subjects,3,2.5,8500
4163,Banani,6,Bangla,General Science,5,2.5,13000
4164,Gulshan,6,Bangla,All Subjects,5,2.5,15500
4165,New Market,5,Bangla,English,4,1.5,5000
4166,Mirpur,6,Bangla,Bangla,2,1.5,3500
4167,Rampura,12,English Version,Physics,6,2.5,20500
4168,Gulshan,4,English Version,Chemistry,4,1.0,5500
4169,Notun Bazar,9,Bangla,ICT,2,1.5,4500
4170,Gulshan,5,Bangla,Physics,4,2.5,14500
4171,Middle Badda,11,Bangla,English,6,1.5,8500
4172,Rampura,9,English Version,Math,2,1.5,5000
4173,New Market,3,Bangla,English,2,2.0,4000
4174,Badda,5,Bangla,English,6,2.0,9000
4175,Gulshan,2,Bangla,All Subjects,3,2.0,8500
4176,Uttara,1,English Version,Physics,2,2.5,7000
4177,Khilkhet,11,Bangla,ICT,2,1.5,5000
4178,New Market,11,English Version,General Science,3,2.5,11500
4179,Middle Badda,12,English Version,Chemistry,5,2.5,17500
4180,Gulshan,1,Bangla,Bangla,2,2.0,5000
4181,Banani,1,English Medium,Math,5,1.0,5500
4182,Mirpur,9,Bangla,Math,6,3.0,16000
4183,Uttara,4,English Version,All Subjects,4,1.0,5500
4184,Shahbag,2,English Version,Chemistry,4,2.0,9500
4185,Rampura,10,English Version,ICT,4,2.0,10000
4186,Banani,10,Bangla,ICT,5,1.0,6500
4187,Middle Badda,12,English Version,English,6,3.0,21000
4188,Uttara,7,Bangla,Biology,5,1.0,5500
4189,Rampura,7,English Medium,General Science,6,1.5,10500
4190,Notun Bazar,6,English Version,General Science,2,1.5,4500
4191,Mohakhali,8,English Version,Math,3,1.5,6500
4192,New Market,12,English Version,Chemistry,5,1.0,7000
4193,Rampura,7,Bangla,ICT,3,1.5,4500
4194,New Market,2,Bangla,General Science,5,1.0,4000
4195,Uttara,11,English Version,Biology,3,2.0,10500
4196,Banani,10,Bangla,All Subjects,5,1.5,12500
4197,Rampura,5,English Version,Chemistry,5,2.0,10500
4198,Shahbag,7,English Version,General Science,2,1.5,4500
4199,Mohakhali,4,Bangla,Chemistry,6,1.5,9000
4200,Shahbag,11,Bangla,Physics,2,2.0,7500
4201,Uttara,12,English Medium,English,3,2.5,15500
4202,Rampura,6,English Version,Chemistry,2,1.0,3500
4203,Gulshan,7,English Version,Bangla,6,1.0,7000
4204,Middle Badda,3,Bangla,Bangla,4,2.5,7000
4205,Badda,1,Bangla,English,5,3.0,10500
4206,Rampura,11,Bangla,General Science,4,2.5,11500
4207,Khilkhet,12,English Version,Chemistry,6,2.5,23000
4208,Shahbag,10,Bangla,Math,4,1.5,8000
4209,Uttara,2,English Version,English,4,3.0,12500
4210,Notun Bazar,7,Bangla,English,6,3.0,16500
4211,Banani,1,Bangla,General Science,3,2.0,6000
4212,Badda,2,English Medium,Physics,2,1.5,4500
4213,Notun Bazar,6,Bangla,Bangla,5,1.0,4000
4214,Mirpur,10,Bangla,General Science,6,3.0,15000
4215,Shahbag,4,English Version,Math,5,3.0,16500
4216,Uttara,12,Bangla,Physics,2,2.5,9500
4217,Middle Badda,6,Bangla,Bangla,2,2.5,5500
4218,Khilkhet,4,Bangla,English,3,1.0,3000
4219,Mohakhali,6,Bangla,Math,2,2.0,6000
4220,Gulshan,4,English Version,Bangla,6,2.0,13500
4221,Notun Bazar,9,English Version,All Subjects,3,2.0,10000
4222,Badda,11,English Version,All Subjects,2,1.5,5500
4223,Mirpur,12,Bangla,Bangla,3,2.0,7500
4224,Notun Bazar,2,Bangla,Chemistry,2,3.0,7500
4225,Uttara,6,English Version,English,4,2.5,13000
4226,Uttara,2,English Version,Bangla,3,2.5,8000
4227,Banani,12,English Version,Physics,6,3.0,30500
4228,Mirpur,2,English Version,All Subjects,4,2.0,7000
4229,Notun Bazar,7,Bangla,Math,6,1.5,7500
4230,Middle Badda,10,Bangla,Biology,6,1.0,6500
4231,Rampura,12,English Version,Biology,6,3.0,23000
4232,New Market,5,English Medium,Math,6,3.0,20000
4233,Uttara,12,Bangla,General Science,3,2.0,9500
4234,Banani,7,Bangla,English,2,1.5,4500
4235,Shahbag,8,Bangla,ICT,5,1.0,5500
4236,Uttara,2,English Version,Physics,4,1.0,4500
4237,Uttara,5,Bangla,Bangla,3,2.0,6000
4238,Shahbag,9,English Medium,Physics,2,2.5,11500
4239,Badda,3,English Version,ICT,4,2.0,8000
4240,Banani,9,Bangla,Chemistry,4,2.0,12000
4241,Mohakhali,5,Bangla,Math,3,2.0,6500
4242,Notun Bazar,1,English Version,Chemistry,5,2.5,11000
4243,Banani,2,English Version,All Subjects,5,1.0,6500
4244,Rampura,5,Bangla,Chemistry,2,2.0,5500
4245,Badda,10,English Version,English,3,2.5,9000
4246,Mirpur,11,Bangla,Biology,2,3.0,8500
4247,Uttara,7,English Medium,English,2,1.5,5500
4248,Notun Bazar,10,Bangla,Bangla,2,1.5,4000
4249,Rampura,12,Bangla,ICT,6,1.5,10500
4250,Shahbag,6,Bangla,All Subjects,5,1.0,5500
4251,Banani,2,English Version,All Subjects,3,3.0,13000
4252,Shahbag,4,English Version,Chemistry,3,2.0,8000
4253,Uttara,5,Bangla,ICT,3,3.0,11000
4254,Mirpur,7,Bangla,Chemistry,6,3.0,17000
4255,Badda,5,Bangla,Biology,2,3.0,7500
4256,Shahbag,5,English Version,All Subjects,5,2.0,12500
4257,Uttara,5,Bangla,All Subjects,3,2.5,10500
4258,Uttara,9,Bangla,Math,5,2.0,11000
4259,Gulshan,10,English Medium,Bangla,6,3.0,30000
4260,Notun Bazar,10,Bangla,General Science,2,1.5,4500
4261,Shahbag,7,Bangla,Physics,4,3.0,13500
4262,Middle Badda,7,Bangla,Chemistry,5,1.0,5500
4263,Mohakhali,4,Bangla,Biology,4,1.5,6500
4264,Middle Badda,4,English Medium,Chemistry,6,2.5,16500
4265,Mohakhali,7,Bangla,All Subjects,6,3.0,19500
4266,Gulshan,7,English Version,General Science,2,2.5,10000
4267,Banani,5,English Version,English,2,1.0,3500
4268,Badda,9,Bangla,General Science,2,2.0,5500
4269,Notun Bazar,7,Bangla,Biology,2,2.0,5500
4270,Khilkhet,9,Bangla,Math,2,2.5,7500
4271,Mirpur,5,English Version,Bangla,3,2.0,6000
4272,Notun Bazar,10,English Medium,ICT,6,3.0,23500
4273,Mirpur,6,English Version,Math,4,2.5,10000
4274,Khilkhet,10,English Version,Physics,5,2.0,13500
4275,Uttara,12,English Version,Chemistry,3,3.0,17000
4276,Middle Badda,12,English Version,Bangla,4,2.5,11500
4277,Gulshan,3,Bangla,Physics,6,2.0,14500
4278,Middle Badda,7,English Version,ICT,4,3.0,15000
4279,Banani,11,Bangla,Physics,6,2.0,18500
4280,Khilkhet,7,English Medium,Math,5,1.5,9000
4281,Notun Bazar,4,Bangla,English,2,1.0,2500
4282,Uttara,8,English Version,ICT,6,2.0,13500
4283,Shahbag,11,Bangla,Chemistry,6,2.0,14500
4284,Khilkhet,8,English Version,All Subjects,5,2.5,14500
4285,Badda,7,Bangla,Bangla,2,1.5,4000
4286,Badda,5,Bangla,Chemistry,3,3.0,9500
4287,Mohakhali,10,Bangla,Physics,3,1.0,5000
4288,New Market,3,Bangla,Biology,5,2.5,10000
4289,Khilkhet,12,English Medium,General Science,3,1.0,5500
4290,Mirpur,5,English Medium,General Science,5,2.5,11500
4291,Rampura,3,Bangla,ICT,5,3.0,11500
4292,Gulshan,9,English Version,All Subjects,6,2.5,26500
4293,Mirpur,8,English Medium,Biology,6,2.0,14500
4294,New Market,4,English Medium,All Subjects,4,1.5,7500
4295,Badda,8,English Version,Chemistry,2,1.5,5000
4296,Middle Badda,7,English Version,Chemistry,2,2.0,7000
4297,Gulshan,8,Bangla,Biology,2,2.0,8000
4298,Notun Bazar,4,Bangla,English,4,2.5,9500
4299,New Market,4,Bangla,Math,2,1.0,2500
4300,Mirpur,12,Bangla,ICT,4,2.5,11500
4301,Mohakhali,3,Bangla,Chemistry,4,2.0,8000
4302,Notun Bazar,11,English Version,Biology,3,2.0,10500
4303,Badda,11,Bangla,ICT,5,1.0,5500
4304,New Market,1,English Medium,Math,4,2.5,9000
4305,Shahbag,12,Bangla,Math,3,2.0,9000
4306,New Market,6,English Version,English,2,3.0,9000
4307,Shahbag,9,English Version,ICT,4,1.0,5000
4308,Banani,11,English Medium,All Subjects,3,2.5,18500
4309,Mirpur,7,Bangla,Chemistry,4,2.5,10500
4310,Banani,9,English Version,ICT,6,2.5,22500
4311,Mirpur,12,English Version,ICT,5,2.5,15500
4312,Uttara,12,English Version,Biology,3,2.0,11000
4313,Shahbag,10,Bangla,All Subjects,6,1.0,7000
4314,Uttara,12,Bangla,Physics,2,1.5,6500
4315,Uttara,8,Bangla,Chemistry,2,2.0,6500
4316,Middle Badda,11,Bangla,All Subjects,5,1.5,10000
4317,Banani,5,Bangla,English,3,1.0,4000
4318,Rampura,1,Bangla,Chemistry,5,1.5,5500
4319,Shahbag,2,Bangla,All Subjects,4,1.5,5500
4320,Mirpur,5,English Version,Math,3,2.0,6500
4321,Mirpur,2,Bangla,Bangla,3,3.0,6500
4322,Badda,6,English Medium,All Subjects,5,2.5,15000
4323,Middle Badda,8,Bangla,Physics,2,1.5,5000
4324,Banani,9,English Version,Math,3,2.0,11000
4325,Badda,5,English Medium,ICT,4,3.0,14500
4326,Notun Bazar,4,English Medium,All Subjects,6,2.0,14000
4327,Khilkhet,2,English Version,Biology,4,3.0,12500
4328,Gulshan,10,English Version,English,3,3.0,18000
4329,Notun Bazar,6,English Version,English,5,2.5,12500
4330,Shahbag,3,Bangla,Physics,2,3.0,7500
4331,Mohakhali,10,Bangla,Math,2,1.5,5500
4332,Banani,5,English Medium,Physics,4,1.5,10500
4333,Uttara,5,English Medium,English,6,2.0,14000
4334,Khilkhet,4,English Medium,Math,6,1.0,6000
4335,Mohakhali,6,Bangla,Physics,4,1.0,5500
4336,Mirpur,12,Bangla,Physics,3,1.0,4000
4337,New Market,6,Bangla,Math,2,2.0,5000
4338,Badda,1,English Version,Chemistry,2,2.5,6000
4339,Banani,11,English Version,Math,6,2.5,23000
4340,Mohakhali,5,English Version,Biology,4,2.5,12500
4341,Khilkhet,7,Bangla,Chemistry,4,2.0,8500
4342,Mohakhali,12,English Medium,English,3,2.5,15500
4343,Shahbag,5,Bangla,Math,5,2.0,10000
4344,Shahbag,12,English Version,Math,5,1.0,7500
4345,Khilkhet,7,English Medium,ICT,6,1.0,6500
4346,Khilkhet,12,English Version,Bangla,3,2.0,8000
4347,Khilkhet,2,Bangla,Bangla,5,3.0,11500
4348,Uttara,11,Bangla,General Science,4,2.5,12000
4349,Rampura,10,English Version,ICT,3,1.0,4500
4350,New Market,5,English Version,English,2,1.0,2500
4351,Badda,3,English Version,Biology,5,1.5,7000
4352,Mohakhali,11,English Version,Physics,3,1.5,7500
4353,New Market,11,English Version,Chemistry,6,2.0,17000
4354,Khilkhet,3,Bangla,Physics,6,2.5,14000
4355,Uttara,10,Bangla,Chemistry,4,1.5,9500
4356,Gulshan,6,English Version,All Subjects,2,1.5,7000
4357,Mohakhali,7,Bangla,ICT,2,2.0,6000
4358,Uttara,3,Bangla,ICT,4,2.0,8500
4359,Mirpur,8,English Medium,ICT,6,2.0,12000
4360,Shahbag,1,Bangla,English,6,3.0,12500
4361,Rampura,7,English Medium,Chemistry,3,1.0,4000
4362,Rampura,6,English Version,Biology,5,1.5,7500
4363,Mohakhali,8,English Version,All Subjects,5,2.5,17000
4364,Khilkhet,10,English Version,Physics,2,1.5,5500
4365,Gulshan,7,English Version,Bangla,6,1.0,8000
4366,Banani,12,English Medium,All Subjects,5,1.0,11500
4367,Middle Badda,10,Bangla,General Science,2,3.0,9000
4368,Badda,9,Bangla,Biology,2,2.0,6500
4369,Mohakhali,10,English Version,Biology,3,3.0,14500
4370,Khilkhet,10,Bangla,English,6,1.0,6000
4371,Shahbag,12,Bangla,Biology,3,2.0,9500
4372,Mohakhali,4,English Version,English,5,2.5,12000
4373,Gulshan,10,Bangla,Physics,3,2.5,14000
4374,Mohakhali,5,English Medium,All Subjects,5,3.0,21500
4375,Rampura,6,Bangla,Bangla,6,1.5,7000
4376,New Market,11,English Version,Bangla,3,3.0,13500
4377,Khilkhet,9,English Medium,English,6,1.5,10500
4378,Notun Bazar,4,Bangla,All Subjects,6,2.0,10500
4379,Khilkhet,5,English Version,ICT,5,2.5,13000
4380,Mohakhali,1,English Version,ICT,4,2.0,8000
4381,Badda,8,English Medium,Chemistry,6,2.0,16500
4382,Middle Badda,6,Bangla,Physics,4,1.5,6000
4383,Middle Badda,6,English Medium,Biology,6,1.5,11000
4384,Khilkhet,10,English Version,All Subjects,5,2.0,12500
4385,New Market,2,English Version,Chemistry,6,2.5,14000
4386,Uttara,7,Bangla,English,2,3.0,9000
4387,Rampura,5,Bangla,Chemistry,6,2.5,13000
4388,Notun Bazar,2,English Version,ICT,4,1.0,4000
4389,Middle Badda,9,English Version,Physics,2,1.0,3500
4390,Badda,6,English Version,Bangla,2,1.0,2500
4391,Badda,1,Bangla,Biology,6,2.5,11000
4392,Uttara,3,English Medium,Bangla,3,3.0,10500
4393,Mohakhali,12,Bangla,Bangla,5,2.5,15000
4394,Gulshan,10,English Version,Chemistry,5,1.0,10000
4395,New Market,9,English Medium,Chemistry,2,1.5,6000
4396,Mirpur,9,Bangla,Biology,3,2.5,9500
4397,Notun Bazar,9,Bangla,General Science,2,2.0,5500
4398,Mirpur,7,English Medium,Biology,3,3.0,11500
4399,Rampura,1,English Version,ICT,5,2.0,8500
4400,Rampura,11,English Version,General Science,3,1.0,4500
4401,Khilkhet,4,Bangla,Chemistry,6,3.0,15000
4402,Shahbag,12,Bangla,All Subjects,4,2.5,14500
4403,New Market,11,Bangla,All Subjects,4,1.0,5000
4404,Banani,6,English Medium,Physics,6,1.5,15000
4405,New Market,8,English Version,Biology,6,1.5,9500
4406,Uttara,7,Bangla,Chemistry,3,3.0,12500
4407,Middle Badda,11,English Version,Chemistry,5,1.0,6500
4408,Shahbag,1,English Version,Biology,2,3.0,8000
4409,Banani,10,English Version,General Science,5,2.0,14500
4410,Uttara,10,English Version,Chemistry,4,1.0,7000
4411,Shahbag,3,Bangla,English,5,2.0,8500
4412,Uttara,9,English Version,Physics,6,2.0,17500
4413,Middle Badda,5,Bangla,ICT,4,2.5,9500
4414,Shahbag,1,English Version,Biology,4,2.0,8000
4415,Mirpur,11,English Version,Physics,4,1.5,9000
4416,Rampura,9,English Version,General Science,2,2.0,6500
4417,Shahbag,3,English Medium,Math,6,2.0,13000
4418,Gulshan,8,Bangla,Physics,4,1.0,6000
4419,Notun Bazar,10,English Version,English,2,1.0,3000
4420,Notun Bazar,11,Bangla,General Science,3,2.0,8000
4421,Mirpur,4,English Version,Chemistry,6,2.5,12500
4422,Notun Bazar,6,English Version,All Subjects,4,2.5,12000
4423,Badda,6,Bangla,General Science,4,1.0,3500
4424,Notun Bazar,11,Bangla,Physics,6,2.0,13500
4425,Uttara,9,Bangla,Biology,4,3.0,14500
4426,New Market,12,English Version,Biology,5,3.0,20500
4427,Middle Badda,6,English Medium,English,5,2.5,12000
4428,Mohakhali,5,English Version,English,3,2.5,9000
4429,Badda,12,English Version,Chemistry,5,1.0,7000
4430,Middle Badda,2,Bangla,General Science,2,2.0,4000
4431,Middle Badda,11,English Version,Physics,4,1.0,6000
4432,Khilkhet,6,English Version,Math,6,1.5,9000
4433,Mirpur,6,English Version,ICT,2,1.0,2500
4434,Badda,10,English Version,English,2,1.0,3000
4435,Shahbag,11,Bangla,Math,2,2.5,9000
4436,Rampura,8,English Version,Chemistry,6,1.0,7000
4437,Rampura,12,English Version,All Subjects,4,2.0,12500
4438,Rampura,12,Bangla,Biology,6,1.5,10500
4439,Shahbag,7,Bangla,Physics,4,1.5,8000
4440,Middle Badda,4,Bangla,Biology,6,3.0,14500
4441,Middle Badda,1,English Version,Bangla,6,3.0,11500
4442,Banani,4,Bangla,Biology,2,1.5,5000
4443,Banani,5,Bangla,General Science,4,1.5,7000
4444,Mirpur,10,Bangla,ICT,3,2.0,7000
4445,Khilkhet,10,Bangla,English,4,3.0,15000
4446,Badda,12,English Version,Math,2,2.5,9500
4447,Badda,6,English Version,ICT,4,3.0,14000
4448,Rampura,1,English Version,Biology,3,2.5,7000
4449,Khilkhet,8,English Version,Chemistry,2,1.5,6000
4450,Mohakhali,7,Bangla,English,2,1.5,4500
4451,Badda,3,Bangla,Bangla,4,1.5,5000
4452,Banani,2,English Version,All Subjects,6,1.5,11000
4453,Shahbag,5,Bangla,Biology,5,2.0,10500
4454,Mirpur,7,English Medium,Physics,3,2.0,9000
4455,Notun Bazar,5,Bangla,English,2,3.0,6500
4456,Khilkhet,9,English Version,Biology,2,1.5,5000
4457,Middle Badda,4,English Version,Math,4,1.5,5500
4458,Mohakhali,11,English Version,English,6,1.5,11500
4459,Khilkhet,7,English Version,English,6,2.0,13000
4460,Banani,5,Bangla,Bangla,3,1.0,4000
4461,Mirpur,11,English Version,Physics,3,2.0,8500
4462,Gulshan,2,Bangla,General Science,3,3.0,9500
4463,Rampura,1,Bangla,All Subjects,5,2.5,10500
4464,Middle Badda,8,Bangla,Math,5,2.5,12000
4465,Mohakhali,4,English Version,ICT,3,3.0,11000
4466,Middle Badda,7,English Version,English,5,1.5,8500
4467,Middle Badda,3,Bangla,All Subjects,6,3.0,14500
4468,Gulshan,11,Bangla,All Subjects,5,3.0,23500
4469,Badda,11,Bangla,Chemistry,4,2.5,12500
4470,Rampura,8,Bangla,English,5,1.0,4500
4471,New Market,4,English Version,Math,5,2.0,10500
4472,Shahbag,1,English Medium,General Science,2,1.5,3500
4473,Notun Bazar,11,English Medium,General Science,2,1.0,4000
4474,Khilkhet,6,English Version,English,3,2.5,10000
4475,Uttara,10,Bangla,Math,5,2.0,11500
4476,Notun Bazar,4,Bangla,Physics,5,1.5,7500
4477,Notun Bazar,3,Bangla,Math,3,1.5,4000
4478,Shahbag,12,English Medium,Math,6,3.0,27000
4479,Mirpur,9,Bangla,Physics,3,2.0,7500
4480,Mohakhali,5,Bangla,English,2,2.5,6500
4481,Badda,6,English Medium,General Science,4,2.0,10000
4482,Rampura,10,Bangla,Biology,2,1.0,3500
4483,Khilkhet,2,Bangla,English,3,3.0,7500
4484,Banani,10,Bangla,All Subjects,6,2.5,22500
4485,Gulshan,4,Bangla,General Science,2,2.5,8000
4486,Banani,8,English Version,Physics,2,2.0,9000
4487,Middle Badda,1,English Medium,Chemistry,2,1.5,4000
4488,Khilkhet,7,Bangla,English,5,2.0,9500
4489,Badda,11,English Version,Biology,3,1.5,7000
4490,Mohakhali,5,Bangla,All Subjects,5,2.5,13500
4491,New Market,7,English Medium,Math,5,2.0,12000
4492,Notun Bazar,11,English Version,General Science,3,1.0,4500
4493,Middle Badda,4,Bangla,Physics,3,2.0,6500
4494,Rampura,12,English Version,General Science,4,2.5,14000
4495,Mirpur,6,Bangla,Math,4,3.0,10500
4496,Mohakhali,1,English Version,General Science,3,1.0,3000
4497,Notun Bazar,7,Bangla,Biology,4,1.5,6500
4498,Middle Badda,10,English Version,Biology,6,2.0,15500
4499,Rampura,2,Bangla,Math,5,3.0,11000
4500,Mirpur,8,Bangla,Biology,5,2.0,9500
4501,Mohakhali,10,English Version,Bangla,3,2.5,11500
4502,Badda,5,English Version,Chemistry,2,1.5,4500
4503,Shahbag,9,Bangla,ICT,6,2.0,13500
4504,Gulshan,7,Bangla,Bangla,5,1.0,5500
4505,Uttara,7,English Version,General Science,2,3.0,10500
4506,Middle Badda,8,English Medium,General Science,6,2.0,13500
4507,New Market,4,English Version,ICT,3,2.5,8000
4508,Middle Badda,10,Bangla,General Science,2,1.0,2500
4509,Middle Badda,4,English Medium,English,3,3.0,10500
4510,Uttara,3,English Version,Math,5,3.0,16500
4511,New Market,3,Bangla,Bangla,3,1.5,4000
4512,Badda,1,English Version,Physics,6,3.0,16000
4513,Mirpur,5,Bangla,ICT,2,2.5,6000
4514,Mirpur,12,Bangla,Math,5,3.0,16000
4515,Uttara,4,Bangla,All Subjects,5,2.0,11000
4516,Shahbag,5,Bangla,All Subjects,4,1.5,6500
4517,Gulshan,1,English Version,Chemistry,4,3.0,16000
4518,Mohakhali,6,Bangla,General Science,4,1.5,6000
4519,Shahbag,11,English Version,All Subjects,2,2.0,8000
4520,Notun Bazar,5,English Medium,All Subjects,2,2.0,6500
4521,Middle Badda,7,English Version,Chemistry,3,2.0,8000
4522,Gulshan,8,English Version,ICT,6,3.0,26500
4523,Middle Badda,9,Bangla,Bangla,2,1.5,4000
4524,Uttara,3,Bangla,English,5,1.0,4500
4525,Banani,10,English Medium,Biology,6,2.5,29000
4526,Badda,10,English Version,Bangla,6,2.5,15500
4527,Middle Badda,3,English Medium,All Subjects,5,1.5,8500
4528,Khilkhet,2,Bangla,Bangla,4,3.0,9000
4529,Rampura,3,English Version,English,5,3.0,12000
4530,Mirpur,2,Bangla,Physics,3,1.5,4000
4531,Mohakhali,1,English Version,Math,4,1.0,4000
4532,Uttara,9,English Version,Biology,2,1.5,6500
4533,Uttara,11,Bangla,Math,2,2.5,9000
4534,Notun Bazar,5,Bangla,Chemistry,6,2.5,14500
4535,New Market,12,Bangla,Chemistry,5,2.5,15500
4536,Middle Badda,6,English Version,Math,2,2.0,5500
4537,New Market,11,English Version,Chemistry,4,1.5,10000
4538,Badda,12,Bangla,General Science,6,2.0,12000
4539,Mohakhali,4,Bangla,Biology,6,2.5,13500
4540,Badda,12,English Version,ICT,6,1.0,7500
4541,Banani,5,Bangla,Bangla,3,1.5,5500
4542,Banani,5,English Version,All Subjects,4,3.0,18500
4543,Shahbag,11,English Version,English,4,1.0,6000
4544,Shahbag,7,English Version,General Science,3,1.0,4000
4545,Notun Bazar,2,English Version,Math,2,3.0,7000
4546,Khilkhet,12,Bangla,Physics,3,1.5,7500
4547,Middle Badda,1,English Version,Physics,5,3.0,12500
4548,Uttara,10,English Medium,Biology,6,2.0,20000
4549,Banani,2,Bangla,Physics,6,2.5,14000
4550,Shahbag,3,English Medium,General Science,4,2.5,10500
4551,Banani,5,English Medium,Chemistry,6,2.5,23500
4552,Shahbag,7,Bangla,Bangla,4,3.0,11000
4553,Mohakhali,4,English Version,Bangla,4,3.0,13500
4554,Middle Badda,12,Bangla,ICT,5,2.5,13500
4555,Mirpur,5,Bangla,Chemistry,3,2.0,7000
4556,Shahbag,8,English Version,Bangla,6,2.5,15500
4557,Banani,6,English Medium,Chemistry,3,3.0,18500
4558,New Market,1,English Version,Math,3,2.0,6500
4559,New Market,1,English Version,Bangla,4,2.5,8000
4560,Rampura,1,English Version,Math,6,2.0,8000
4561,Banani,7,English Version,General Science,3,2.5,11500
4562,Mirpur,3,Bangla,Bangla,3,2.0,4500
4563,Uttara,1,Bangla,Physics,2,3.0,8000
4564,Khilkhet,5,English Medium,Math,2,2.0,6000
4565,Badda,2,English Medium,English,5,1.5,7000
4566,Rampura,5,English Medium,Chemistry,5,2.0,11500
4567,Gulshan,1,English Version,All Subjects,4,1.5,8000
4568,Badda,4,English Medium,All Subjects,4,2.5,12500
4569,Uttara,3,English Version,Physics,4,3.0,14000
4570,Rampura,12,English Version,General Science,2,2.0,6500
4571,Shahbag,1,English Version,Bangla,5,1.5,6000
4572,Middle Badda,12,English Version,ICT,4,1.0,5000
4573,Badda,3,English Version,Math,6,1.0,5000
4574,New Market,1,Bangla,General Science,5,1.0,4000
4575,New Market,5,Bangla,General Science,6,2.5,12000
4576,Khilkhet,12,Bangla,Chemistry,2,2.0,7000
4577,Badda,2,Bangla,General Science,6,1.5,6500
4578,Khilkhet,1,English Version,General Science,4,2.0,7500
4579,Badda,10,Bangla,Physics,6,2.5,17000
4580,Mirpur,6,English Medium,Bangla,4,1.5,6000
4581,Mohakhali,12,Bangla,General Science,3,1.5,7000
4582,Mohakhali,2,English Medium,Physics,2,2.5,8000
4583,Notun Bazar,4,English Version,Physics,2,1.5,5000
4584,Rampura,5,Bangla,Bangla,3,2.0,6000
4585,Mirpur,1,English Version,All Subjects,4,1.5,5500
4586,Middle Badda,3,Bangla,Physics,4,1.0,3500
4587,Banani,7,Bangla,Physics,3,2.0,9000
4588,Gulshan,8,English Version,Biology,4,2.0,13500
4589,Middle Badda,1,English Version,Chemistry,2,2.0,4500
4590,New Market,11,English Version,Biology,5,2.0,12500
4591,Shahbag,10,Bangla,Biology,2,1.5,5000
4592,Mohakhali,1,English Medium,All Subjects,2,3.0,8500
4593,Badda,12,English Medium,Biology,2,2.0,9000
4594,Badda,12,English Version,Chemistry,2,3.0,12500
4595,Middle Badda,2,Bangla,General Science,4,2.0,6000
4596,Banani,7,Bangla,Physics,3,3.0,15000
4597,Uttara,5,Bangla,Math,5,1.0,5000
4598,Uttara,2,English Version,All Subjects,4,2.5,10500
4599,Uttara,1,English Medium,Math,5,2.5,13500
4600,Notun Bazar,1,Bangla,Math,4,3.0,9500
4601,Rampura,9,English Version,ICT,6,2.5,16500
4602,Banani,5,Bangla,Physics,5,1.0,6500
4603,Mohakhali,1,English Version,Math,2,1.0,2500
4604,Mirpur,7,English Version,Math,3,3.0,10000
4605,Mohakhali,9,English Version,English,6,3.0,20500
4606,Mirpur,7,English Version,ICT,3,3.0,10500
4607,Rampura,9,English Version,All Subjects,4,1.0,5500
4608,New Market,6,English Medium,Math,4,1.0,5000
4609,Rampura,6,English Medium,All Subjects,6,1.5,10500
4610,Uttara,9,Bangla,General Science,3,2.5,9500
4611,Gulshan,12,English Version,All Subjects,2,2.0,11000
4612,New Market,4,English Version,Biology,5,2.0,9000
4613,Mohakhali,4,English Version,Math,6,1.5,8500
4614,Rampura,10,Bangla,All Subjects,6,3.0,20500
4615,Shahbag,6,Bangla,Chemistry,4,2.0,9500
4616,Badda,7,English Version,English,4,2.5,10500
4617,Shahbag,1,English Medium,ICT,6,3.0,17500
4618,Middle Badda,6,Bangla,All Subjects,4,2.5,11500
4619,Banani,7,Bangla,ICT,2,2.0,7000
4620,Notun Bazar,7,Bangla,Chemistry,3,1.0,4000
4621,New Market,11,Bangla,Bangla,2,1.0,3000
4622,Mohakhali,6,Bangla,Physics,3,2.5,10500
4623,Middle Badda,4,Bangla,Physics,2,2.5,6500
4624,Mohakhali,8,Bangla,Bangla,5,1.0,5000
4625,Mohakhali,8,English Version,Math,2,1.5,5000
4626,Gulshan,3,English Medium,Chemistry,4,2.0,11500
4627,Gulshan,6,Bangla,Math,6,1.0,7500
4628,Shahbag,9,English Version,General Science,5,2.5,14500
4629,Mohakhali,8,Bangla,ICT,2,2.5,7500
4630,Badda,5,Bangla,Physics,2,1.0,2500
4631,Banani,5,Bangla,Bangla,6,2.0,12000
4632,Badda,1,English Version,Chemistry,2,2.5,6500
4633,Shahbag,11,Bangla,Chemistry,5,2.5,15500
4634,Shahbag,8,English Version,Biology,2,3.0,11000
4635,Rampura,3,Bangla,Bangla,5,2.0,7500
4636,Gulshan,1,Bangla,Physics,2,1.5,4000
4637,Mirpur,1,Bangla,General Science,5,1.0,3000
4638,Banani,11,Bangla,Math,4,1.0,7000
4639,New Market,3,English Version,All Subjects,2,2.0,5000
4640,Rampura,7,Bangla,All Subjects,2,1.5,4000
4641,Uttara,8,English Version,Chemistry,4,2.5,15500
4642,Gulshan,10,English Version,Physics,5,1.0,8500
4643,Middle Badda,7,English Version,All Subjects,4,2.0,9500
4644,Gulshan,3,Bangla,Chemistry,6,1.5,9500
4645,Mohakhali,7,Bangla,English,3,2.5,8500
4646,Banani,5,Bangla,Physics,2,1.0,4000
4647,Gulshan,12,Bangla,ICT,6,1.0,10000
4648,Banani,10,English Version,ICT,2,2.5,10000
4649,Mirpur,8,English Medium,English,6,3.0,20500
4650,Banani,2,English Version,Bangla,4,2.5,11500
4651,New Market,10,Bangla,Chemistry,5,2.5,15500
4652,New Market,4,Bangla,Math,3,2.0,5500
4653,Banani,4,English Version,All Subjects,2,1.0,4000
4654,Mohakhali,11,Bangla,Math,4,1.0,5500
4655,Badda,3,Bangla,English,5,3.0,11500
4656,Mirpur,5,English Version,All Subjects,4,2.5,9500
4657,Khilkhet,5,English Version,ICT,5,1.0,5000
4658,Mohakhali,8,English Version,English,2,1.5,4500
4659,Notun Bazar,7,Bangla,General Science,3,1.5,5000
4660,New Market,8,English Version,Math,5,2.0,10500
4661,Badda,8,Bangla,All Subjects,5,1.0,5500
4662,Badda,4,English Version,Physics,5,3.0,14500
4663,Uttara,11,Bangla,Chemistry,2,1.0,4000
4664,Gulshan,4,Bangla,General Science,4,1.5,7500
4665,Khilkhet,11,English Version,Biology,5,2.5,16500
4666,New Market,1,Bangla,All Subjects,6,2.5,12000
4667,Mirpur,7,English Version,Bangla,4,1.5,5500
4668,Rampura,5,Bangla,Chemistry,5,2.0,10500
4669,Rampura,8,English Version,All Subjects,5,3.0,19500
4670,Shahbag,5,English Version,All Subjects,2,2.5,7500
4671,New Market,4,Bangla,English,2,1.0,2500
4672,Middle Badda,8,Bangla,English,5,2.5,13000
4673,Badda,11,English Version,Chemistry,6,1.5,12500
4674,Gulshan,8,English Version,English,2,2.5,9500
4675,Khilkhet,7,English Version,Math,4,3.0,13000
4676,Banani,5,Bangla,English,4,2.0,10000
4677,Rampura,8,Bangla,Physics,3,3.0,11000
4678,Shahbag,12,Bangla,Biology,4,1.5,8000
4679,Banani,8,English Version,Math,3,1.5,7500
4680,Gulshan,1,Bangla,Bangla,5,2.5,12000
4681,Badda,12,Bangla,English,6,2.5,16000
4682,Middle Badda,4,Bangla,General Science,3,3.0,9000
4683,Rampura,12,English Medium,Chemistry,6,2.5,23500
4684,Uttara,4,English Version,All Subjects,4,3.0,14500
4685,Notun Bazar,11,Bangla,Bangla,5,2.5,13500
4686,New Market,2,Bangla,English,3,2.0,5500
4687,Banani,8,English Medium,ICT,5,1.0,8000
4688,Notun Bazar,6,English Version,English,5,1.5,8000
4689,Middle Badda,10,Bangla,English,5,1.5,7500
4690,Rampura,12,English Version,All Subjects,6,1.5,13000
4691,Notun Bazar,5,Bangla,ICT,3,3.0,9500
4692,Shahbag,8,Bangla,Chemistry,4,2.0,10000
4693,Badda,10,English Version,Chemistry,3,2.5,12000
4694,Banani,12,English Version,ICT,5,3.0,28000
4695,Notun Bazar,6,Bangla,Math,4,1.0,4000
4696,Uttara,7,English Medium,Math,2,1.0,4000
4697,Banani,11,English Version,Math,2,2.0,9000
4698,Rampura,2,English Version,General Science,3,3.0,8000
4699,Mirpur,12,English Version,All Subjects,2,1.5,6000
4700,Badda,1,Bangla,All Subjects,6,1.5,7000
4701,Badda,9,English Medium,ICT,6,3.0,20000
4702,New Market,11,English Medium,All Subjects,5,2.5,18500
4703,New Market,4,Bangla,Chemistry,4,3.0,11000
4704,New Market,8,English Medium,Physics,5,2.0,15500
4705,Khilkhet,7,Bangla,Bangla,3,1.0,3500
4706,Mohakhali,9,Bangla,Bangla,2,2.5,7000
4707,Banani,9,English Version,ICT,4,1.0,6500
4708,Banani,11,English Version,Physics,2,1.5,7000
4709,Mirpur,2,English Version,ICT,6,1.5,6500
4710,Badda,6,English Medium,English,5,2.5,13500
4711,Gulshan,4,Bangla,English,6,1.5,9500
4712,Notun Bazar,3,English Version,All Subjects,3,2.5,9500
4713,Banani,3,Bangla,Physics,5,3.0,16000
4714,Shahbag,10,Bangla,Bangla,3,2.0,7000
4715,Shahbag,7,English Version,Chemistry,4,3.0,15500
4716,Badda,12,English Version,All Subjects,5,3.0,19500
4717,Banani,2,Bangla,Physics,3,1.0,3500
4718,Gulshan,10,English Version,Math,4,3.0,21000
4719,Banani,6,Bangla,Biology,6,1.0,7500
4720,Rampura,12,English Medium,General Science,6,2.5,21500
4721,Gulshan,3,English Medium,English,3,1.0,4500
4722,Mirpur,7,English Medium,General Science,3,1.0,3500
4723,Khilkhet,7,Bangla,Math,3,1.5,5000
4724,Mohakhali,5,Bangla,Math,3,3.0,10000
4725,New Market,10,English Version,General Science,5,1.5,9500
4726,Shahbag,4,English Version,Biology,5,3.0,15500
4727,Notun Bazar,2,English Version,Bangla,4,2.5,8000
4728,Banani,2,Bangla,Physics,5,2.5,12000
4729,Khilkhet,9,Bangla,Biology,5,2.5,15000
4730,Banani,2,Bangla,All Subjects,4,1.5,6500
4731,Gulshan,1,English Version,Biology,5,1.5,7500
4732,Mohakhali,12,Bangla,Bangla,4,3.0,14500
4733,Middle Badda,4,English Medium,Bangla,2,1.0,3000
4734,New Market,12,English Version,Physics,2,1.5,6500
4735,Badda,12,Bangla,Biology,4,3.0,15000
4736,Uttara,1,English Version,Math,2,3.0,7500
4737,Gulshan,9,Bangla,All Subjects,5,2.0,16500
4738,Banani,7,English Version,Bangla,5,3.0,19500
4739,Badda,11,Bangla,English,3,3.0,12000
4740,Notun Bazar,6,Bangla,Math,2,2.0,6000
4741,Gulshan,9,Bangla,Chemistry,6,2.0,18500
4742,Uttara,7,English Medium,Physics,2,1.0,4000
4743,Gulshan,8,Bangla,Physics,4,1.0,6000
4744,New Market,9,Bangla,Physics,4,1.5,8000
4745,New Market,5,Bangla,General Science,4,1.5,5500
4746,Rampura,10,Bangla,All Subjects,2,3.0,9000
4747,Rampura,12,Bangla,English,5,2.5,14000
4748,Mohakhali,8,English Version,Chemistry,2,1.5,5500
4749,Gulshan,5,Bangla,Chemistry,2,1.0,3500
4750,Rampura,7,Bangla,General Science,2,1.0,2500
4751,Mirpur,5,English Version,Biology,6,1.0,5000
4752,Khilkhet,11,Bangla,ICT,4,1.5,7500
4753,Rampura,12,Bangla,Math,6,1.5,9500
4754,Banani,6,Bangla,Math,6,2.5,17500
4755,Khilkhet,7,Bangla,Physics,2,2.0,6500
4756,Khilkhet,6,Bangla,Physics,3,1.5,5500
4757,Mohakhali,1,Bangla,All Subjects,3,2.5,8000
4758,New Market,5,Bangla,Chemistry,2,2.0,5500
4759,Rampura,3,English Medium,Physics,6,2.0,11000
4760,Banani,2,Bangla,Biology,3,2.0,7000
4761,New Market,7,English Version,General Science,5,3.0,16000
4762,Uttara,7,Bangla,English,5,2.0,10500
4763,Gulshan,4,Bangla,Biology,6,3.0,18500
4764,Shahbag,8,Bangla,All Subjects,5,1.0,6500
4765,Mirpur,3,Bangla,Physics,4,2.0,7500
4766,Mirpur,11,English Version,Bangla,2,2.0,6500
4767,Notun Bazar,10,Bangla,Biology,5,2.5,15000
4768,Banani,2,English Version,General Science,6,3.0,17000
4769,Khilkhet,5,English Version,General Science,5,1.5,7000
4770,Mirpur,6,English Version,English,2,2.5,6000
4771,Shahbag,6,English Medium,General Science,2,1.0,3500
4772,New Market,3,Bangla,Physics,3,2.5,8500
4773,Shahbag,7,Bangla,All Subjects,3,2.0,8000
4774,New Market,12,Bangla,All Subjects,6,3.0,23000
4775,Khilkhet,4,Bangla,General Science,4,2.5,9500
4776,Khilkhet,2,English Version,General Science,6,3.0,13000
4777,Banani,11,English Medium,Biology,5,1.0,10500
4778,Badda,4,English Version,General Science,6,3.0,15500
4779,Uttara,9,Bangla,All Subjects,6,3.0,22000
4780,New Market,2,English Version,Chemistry,3,3.0,10000
4781,Khilkhet,4,Bangla,Math,2,2.5,6000
4782,Shahbag,5,English Version,Chemistry,4,2.0,10000
4783,New Market,11,Bangla,Chemistry,4,1.0,6000
4784,Gulshan,8,Bangla,Bangla,5,1.5,9000
4785,Notun Bazar,5,English Version,Chemistry,5,2.0,12500
4786,Banani,12,Bangla,Chemistry,3,2.0,12000
4787,Mohakhali,4,English Medium,All Subjects,4,3.0,17500
4788,Middle Badda,10,English Version,ICT,4,3.0,16500
4789,Middle Badda,9,English Version,General Science,4,2.5,12000
4790,Mohakhali,2,Bangla,All Subjects,4,1.5,6500
4791,New Market,1,English Version,Physics,2,2.5,6500
4792,Banani,11,English Version,General Science,5,1.0,8500
4793,New Market,11,English Medium,Biology,2,1.0,4500
4794,Mohakhali,4,Bangla,Bangla,3,1.5,4500
4795,Khilkhet,9,Bangla,Math,3,1.5,5500
4796,Shahbag,10,Bangla,All Subjects,4,1.0,6000
4797,Badda,2,English Version,Bangla,5,2.0,7000
4798,Middle Badda,4,Bangla,Biology,2,2.0,5000
4799,Uttara,5,English Version,Math,3,1.5,6500
4800,Badda,5,English Version,English,4,2.5,10500
4801,Notun Bazar,1,English Version,Biology,4,2.0,7000
4802,Middle Badda,1,English Medium,Bangla,2,1.0,2500
4803,Middle Badda,5,Bangla,ICT,4,2.0,8000
4804,Notun Bazar,10,Bangla,General Science,5,1.0,5500
4805,Banani,9,English Version,English,3,2.5,13000
4806,Gulshan,7,Bangla,General Science,5,1.0,6500
4807,Uttara,3,English Medium,All Subjects,3,1.0,4500
4808,Mirpur,5,Bangla,Biology,3,1.0,3500
4809,Notun Bazar,6,Bangla,Biology,6,2.0,10500
4810,Rampura,4,English Version,ICT,2,2.5,6500
4811,Mohakhali,10,English Version,Chemistry,3,1.5,8500
4812,Middle Badda,7,English Medium,Physics,6,3.0,20500
4813,New Market,7,Bangla,All Subjects,3,1.5,5500
4814,Rampura,12,English Version,Bangla,5,3.0,16000
4815,New Market,3,Bangla,General Science,4,2.0,7000
4816,Rampura,2,English Version,Math,5,2.5,9500
4817,Khilkhet,2,English Medium,English,3,1.0,3000
4818,Shahbag,4,Bangla,Math,5,2.5,11500
4819,Uttara,2,Bangla,English,6,1.5,7500
4820,New Market,4,English Version,English,6,1.5,8000
4821,Rampura,11,English Version,English,2,2.0,6500
4822,Middle Badda,2,Bangla,ICT,2,1.0,2500
4823,Uttara,3,English Version,General Science,5,2.0,9000
4824,Gulshan,6,Bangla,All Subjects,4,2.5,15000
4825,Mohakhali,8,English Version,All Subjects,3,1.0,5000
4826,Uttara,3,English Version,All Subjects,2,1.0,3500
4827,Uttara,7,English Medium,All Subjects,2,2.0,8000
4828,Khilkhet,7,Bangla,Biology,3,2.0,7500
4829,Gulshan,10,Bangla,Math,5,2.0,14500
4830,Khilkhet,11,Bangla,Biology,3,2.0,8500
4831,Middle Badda,9,English Version,Chemistry,5,2.5,16000
4832,Mohakhali,5,Bangla,Math,6,2.0,11500
4833,Middle Badda,8,English Version,Math,5,1.0,5000
4834,Shahbag,9,English Version,General Science,3,3.0,12500
4835,Rampura,9,Bangla,Bangla,6,1.5,8500
4836,New Market,12,Bangla,ICT,4,1.0,5000
4837,Gulshan,6,Bangla,General Science,2,3.0,11000
4838,Gulshan,6,Bangla,ICT,6,3.0,19000
4839,Badda,2,English Version,ICT,5,2.0,9000
4840,Shahbag,6,English Version,Bangla,5,3.0,15500
4841,Banani,3,English Version,Chemistry,3,3.0,14000
4842,Badda,6,English Version,Chemistry,2,2.5,8500
4843,Banani,10,English Version,All Subjects,4,3.0,20000
4844,Middle Badda,1,English Medium,English,5,1.0,4500
4845,Khilkhet,11,Bangla,English,4,1.5,6500
4846,Middle Badda,11,Bangla,Math,5,2.0,10000
4847,Badda,4,Bangla,All Subjects,6,2.0,11000
4848,Shahbag,7,English Version,Bangla,4,2.5,10500
4849,Gulshan,6,English Medium,English,2,3.0,13500
4850,Gulshan,11,English Version,English,5,3.0,25500
4851,Gulshan,12,Bangla,Biology,2,1.5,7000
4852,Mirpur,10,English Version,Physics,6,1.5,9500
4853,Gulshan,11,Bangla,General Science,4,3.0,19500
4854,Middle Badda,5,English Version,Biology,3,3.0,10500
4855,Shahbag,12,English Medium,Chemistry,4,1.5,11000
4856,Rampura,11,English Version,Chemistry,3,1.0,4500
4857,Rampura,5,Bangla,Physics,5,2.0,8500
4858,New Market,6,Bangla,Physics,3,2.5,10000
4859,Shahbag,4,English Medium,ICT,5,3.0,18000
4860,New Market,10,Bangla,All Subjects,2,2.5,9000
4861,Gulshan,9,Bangla,General Science,2,2.5,9000
4862,New Market,1,English Version,All Subjects,4,3.0,12000
4863,Mohakhali,9,Bangla,Chemistry,6,3.0,20500
4864,Gulshan,4,English Medium,Biology,6,2.5,19500
4865,Khilkhet,1,English Version,General Science,4,2.0,6500
4866,Shahbag,10,English Version,ICT,3,1.5,6500
4867,Badda,6,Bangla,General Science,6,1.0,4500
4868,Banani,2,English Version,Math,6,2.0,13000
4869,Banani,9,Bangla,ICT,6,3.0,23500
4870,Khilkhet,6,English Version,Bangla,2,1.5,4000
4871,Shahbag,7,Bangla,Physics,2,2.5,8500
4872,Badda,11,Bangla,All Subjects,2,1.0,3500
4873,Uttara,11,English Medium,Chemistry,3,2.0,13000
4874,Middle Badda,11,English Medium,Math,4,2.0,11500
4875,Uttara,10,English Version,General Science,6,1.0,8000
4876,Uttara,2,English Medium,Chemistry,5,2.0,12000
4877,Mohakhali,5,Bangla,ICT,2,2.0,5500
4878,Badda,8,English Medium,General Science,6,2.0,14000
4879,Uttara,2,Bangla,English,5,1.5,6000
4880,Mohakhali,1,English Version,Biology,3,3.0,11000
4881,Uttara,7,Bangla,ICT,6,3.0,19000
4882,Shahbag,8,English Version,All Subjects,6,2.5,21000
4883,Notun Bazar,5,Bangla,All Subjects,4,2.5,11000
4884,Banani,4,Bangla,English,6,1.5,9000
4885,Shahbag,12,English Medium,ICT,2,2.0,10000
4886,Rampura,3,English Version,Biology,2,3.0,7500
4887,Rampura,4,English Version,Math,2,1.5,4000
4888,Mohakhali,5,English Version,General Science,6,1.5,9000
4889,New Market,6,Bangla,English,4,2.5,10000
4890,Rampura,3,English Version,Physics,2,2.5,6000
4891,Rampura,6,English Version,All Subjects,2,2.0,7000
4892,Banani,7,Bangla,Bangla,5,2.0,10500
4893,Gulshan,4,English Version,Bangla,5,1.0,5500
4894,New Market,11,Bangla,Chemistry,5,2.0,12500
4895,Banani,2,Bangla,English,3,3.0,10000
4896,Middle Badda,9,English Version,All Subjects,5,3.0,20000
4897,Gulshan,7,Bangla,Biology,4,2.0,12000
4898,Mohakhali,6,English Version,ICT,3,2.0,8000
4899,Khilkhet,5,Bangla,Math,3,3.0,10000
4900,Uttara,6,Bangla,Bangla,6,3.0,16000
4901,Shahbag,1,English Medium,Biology,6,2.0,11500
4902,Khilkhet,10,English Version,Chemistry,3,3.0,14500
4903,Uttara,12,English Version,Chemistry,5,1.0,8000
4904,Gulshan,4,Bangla,Physics,3,3.0,13000
4905,Middle Badda,2,English Version,Bangla,3,1.5,4500
4906,Badda,7,English Medium,All Subjects,5,2.0,12000
4907,Middle Badda,12,English Version,ICT,3,2.5,12500
4908,Khilkhet,11,English Version,Bangla,5,1.5,9000
4909,Khilkhet,7,English Medium,Physics,3,1.0,5000
4910,Middle Badda,8,English Version,Chemistry,5,1.0,6500
4911,Gulshan,7,Bangla,All Subjects,3,1.5,7000
4912,New Market,6,English Version,Biology,5,1.5,8000
4913,Rampura,3,Bangla,Bangla,5,2.5,9000
4914,Gulshan,1,Bangla,Physics,4,3.0,13000
4915,Shahbag,8,Bangla,Bangla,5,1.5,8000
4916,New Market,3,Bangla,Biology,5,1.0,4000
4917,Uttara,5,Bangla,Bangla,4,2.0,7500
4918,Rampura,9,English Version,Physics,6,2.5,19500
4919,Middle Badda,11,Bangla,English,2,2.5,7500
4920,Mohakhali,9,English Medium,English,4,3.0,18000
4921,Mirpur,7,English Medium,General Science,3,3.0,11000
4922,Notun Bazar,7,English Version,Chemistry,4,3.0,16000
4923,Mirpur,12,English Version,General Science,3,1.5,6000
4924,Uttara,10,English Version,Bangla,4,3.0,16500
4925,Notun Bazar,9,English Version,General Science,2,1.0,3500
4926,Rampura,3,Bangla,Chemistry,4,3.0,11500
4927,New Market,5,English Medium,ICT,4,1.0,5000
4928,Gulshan,11,English Version,Biology,3,1.0,6000
4929,Khilkhet,1,Bangla,Physics,6,3.0,12500
4930,Banani,4,English Version,All Subjects,5,1.0,7000
4931,Rampura,3,English Version,Physics,4,2.5,10500
4932,Gulshan,6,English Medium,All Subjects,2,1.0,5000
4933,Gulshan,2,Bangla,Physics,3,2.5,9500
4934,Badda,6,Bangla,Math,3,2.5,8000
4935,Mohakhali,8,Bangla,Biology,5,2.0,12000
4936,New Market,10,Bangla,Chemistry,4,2.5,13000
4937,Notun Bazar,10,English Version,Biology,2,2.0,7000
4938,New Market,4,English Version,ICT,3,3.0,10500
4939,Banani,8,Bangla,All Subjects,4,2.0,13000
4940,Mohakhali,4,English Version,Bangla,4,1.5,6500
4941,New Market,6,Bangla,Math,5,3.0,14500
4942,Mohakhali,3,English Version,English,5,2.0,9000
4943,Banani,10,English Version,Bangla,2,2.0,8500
4944,Notun Bazar,8,Bangla,Chemistry,4,1.5,6500
4945,Badda,1,English Version,Bangla,5,2.5,9500
4946,Mirpur,8,Bangla,All Subjects,6,1.5,8500
4947,Gulshan,4,English Version,Biology,3,1.5,7500
4948,Banani,3,English Version,Chemistry,4,1.0,5500
4949,Uttara,10,Bangla,ICT,3,2.0,9000
4950,Gulshan,10,Bangla,Bangla,2,3.0,12000
4951,Notun Bazar,12,English Version,Bangla,4,2.5,13500
4952,Shahbag,10,Bangla,Math,4,2.5,13000
4953,Mirpur,2,Bangla,Physics,3,2.0,5000
4954,Gulshan,2,English Version,English,2,1.5,5000
4955,Khilkhet,12,English Medium,Chemistry,6,2.0,19000
4956,Badda,4,English Version,ICT,3,2.5,8000
4957,Rampura,2,Bangla,Physics,4,1.5,5000
4958,Banani,3,Bangla,Bangla,6,1.0,5500
4959,Khilkhet,4,English Version,Physics,2,1.0,3000
4960,Mirpur,9,Bangla,All Subjects,6,1.0,6000
4961,New Market,9,English Version,ICT,5,2.0,13000
4962,Uttara,4,Bangla,English,6,3.0,14000
4963,Uttara,2,English Version,Physics,4,2.5,12500
4964,Khilkhet,12,Bangla,General Science,3,1.5,6500
4965,New Market,7,English Version,Chemistry,2,2.5,8000
4966,New Market,4,English Version,English,6,1.0,5500
4967,Middle Badda,5,Bangla,Math,2,1.5,4000
4968,Uttara,1,English Version,Physics,4,2.0,8500
4969,Rampura,1,English Medium,English,4,3.0,10500
4970,Rampura,6,Bangla,General Science,5,2.0,9000
4971,Uttara,6,English Version,General Science,3,1.5,5500
4972,Rampura,12,Bangla,ICT,2,1.5,5000
4973,New Market,9,English Version,English,2,2.0,7000
4974,Khilkhet,8,English Medium,Math,3,3.0,14000
4975,Badda,1,Bangla,General Science,2,1.0,2500
4976,Shahbag,5,Bangla,ICT,5,3.0,13500
4977,Khilkhet,3,English Medium,Physics,3,2.5,9000
4978,Middle Badda,2,English Version,Biology,6,1.0,5500
4979,Shahbag,8,English Medium,English,4,1.0,5500
4980,Badda,4,Bangla,Chemistry,3,1.0,3500
4981,Rampura,6,English Medium,General Science,4,2.0,10000
4982,Mohakhali,12,English Version,Physics,6,1.5,13500
4983,Notun Bazar,10,English Version,General Science,3,1.5,6500
4984,Notun Bazar,9,English Version,Bangla,4,3.0,15500
4985,Khilkhet,5,Bangla,English,3,3.0,9500
4986,Shahbag,7,English Version,Physics,4,3.0,17500
4987,Badda,7,English Version,All Subjects,3,3.0,13000
4988,Badda,7,English Medium,Physics,3,1.5,7000
4989,Gulshan,5,English Version,ICT,4,2.5,13500
4990,Mirpur,7,Bangla,Chemistry,6,2.5,14500
4991,Khilkhet,5,Bangla,Physics,5,1.0,4500
4992,Rampura,4,Bangla,Biology,4,1.5,5500
4993,Middle Badda,7,Bangla,Chemistry,4,3.0,13000
4994,Mohakhali,2,Bangla,Chemistry,4,1.0,4000
4995,Uttara,9,Bangla,Chemistry,3,2.5,12500
4996,Banani,7,English Version,English,2,2.0,7500
4997,Gulshan,4,English Medium,English,2,3.0,11500
4998,Rampura,12,English Version,Biology,4,2.0,12000
4999,Mirpur,7,English Medium,Chemistry,3,2.5,11000
5000,Badda,7,English Version,Chemistry,3,2.5,10000
